TransactionID,CustomerID,ProductID,Quantity,TotalValue,Price,CustomerName,Region,SignupDate,DaysSinceFirstTransaction,Cluster
0.0,C0199,P067,1,300.68,300.68,Andrea Jenkins,Europe,2022-12-03,238,0
0.0,C0146,P067,1,300.68,300.68,Brittany Harvey,Asia,2024-09-04,149,1
0.0,C0127,P067,1,300.68,300.68,Kathryn Stevens,Europe,2024-04-04,116,1
0.0,C0087,P067,2,601.36,300.68,Travis Campbell,South America,2024-04-11,87,1
0.0,C0070,P067,3,902.04,300.68,Timothy Perez,Europe,2022-03-15,81,1
0.0,C0188,P067,1,300.68,300.68,Anna Ball,South America,2022-05-17,361,0
0.0,C0195,P067,3,902.04,300.68,Jeremy Mclaughlin,South America,2024-09-17,329,0
0.0,C0008,P067,1,300.68,300.68,David Li,North America,2024-01-13,266,0
0.0,C0157,P067,3,902.04,300.68,Miguel Wong,North America,2024-01-30,343,0
0.0,C0130,P067,2,601.36,300.68,Robert Jones,South America,2023-04-19,136,1
0.0,C0051,P067,3,902.04,300.68,Nicholas Ellis,Europe,2023-12-21,20,1
0.0,C0075,P067,2,601.36,300.68,Misty Higgins,Europe,2023-05-01,281,0
0.0,C0155,P067,2,601.36,300.68,Michelle Brown,South America,2023-03-23,279,0
0.0,C0092,P034,2,434.1,217.05,Jacqueline Zamora,Asia,2024-05-29,351,0
0.0,C0088,P034,2,434.1,217.05,Carlos Murray,Asia,2023-05-14,171,1
0.0,C0109,P034,4,868.2,217.05,Abigail Jones,North America,2022-05-09,224,0
0.0,C0041,P034,4,868.2,217.05,Lindsey Deleon,Europe,2023-12-27,156,2
0.0,C0101,P034,3,651.15,217.05,Kelsey Roberts,Asia,2023-09-30,312,0
0.0,C0154,P034,1,217.05,217.05,Robert Sharp,North America,2024-10-27,100,1
0.0,C0200,P034,4,868.2,217.05,Kelly Cross,Asia,2023-06-11,346,0
0.0,C0049,P034,1,217.05,217.05,Jason Yates,North America,2024-09-18,243,0
0.0,C0103,P034,1,217.05,217.05,Jennifer Munoz,Europe,2022-05-15,199,0
0.0,C0028,P057,4,958.8,239.7,Jennifer Pena,Asia,2024-06-29,25,1
0.0,C0183,P057,4,958.8,239.7,Kimberly Johnson,North America,2024-01-23,65,1
0.0,C0087,P057,4,958.8,239.7,Travis Campbell,South America,2024-04-11,130,2
0.0,C0190,P057,4,958.8,239.7,Alexander Lowe,South America,2024-05-31,210,2
0.0,C0200,P057,1,239.7,239.7,Kelly Cross,Asia,2023-06-11,119,1
0.0,C0055,P057,2,479.4,239.7,Lauren Williams,North America,2024-11-11,197,0
0.0,C0188,P057,2,479.4,239.7,Anna Ball,South America,2022-05-17,134,1
0.0,C0148,P057,3,719.1,239.7,Matthew Rogers,South America,2023-04-16,18,1
0.0,C0035,P057,3,719.1,239.7,Brianna Richardson,North America,2024-10-01,112,1
0.0,C0120,P057,3,719.1,239.7,Francisco Diaz,South America,2023-01-13,221,0
0.0,C0017,P057,4,958.8,239.7,Jennifer King,Europe,2023-12-05,0,1
0.0,C0145,P057,2,479.4,239.7,Wayne Stone,Asia,2023-01-13,196,0
0.0,C0028,P057,2,479.4,239.7,Jennifer Pena,Asia,2024-06-29,360,0
0.0,C0092,P057,3,719.1,239.7,Jacqueline Zamora,Asia,2024-05-29,35,1
0.0,C0188,P057,2,479.4,239.7,Anna Ball,South America,2022-05-17,335,0
0.0,C0004,P049,4,591.8,147.95,Kathleen Rodriguez,South America,2022-10-09,201,0
0.0,C0087,P049,3,443.85,147.95,Travis Campbell,South America,2024-04-11,43,1
0.0,C0010,P049,2,295.9,147.95,Aaron Cox,Europe,2022-12-15,54,1
0.0,C0065,P049,2,295.9,147.95,Gerald Hines,North America,2024-07-10,59,1
0.0,C0132,P049,2,295.9,147.95,Lisa Jackson,Europe,2023-02-01,342,0
0.0,C0068,P049,2,295.9,147.95,Mark Cox,North America,2023-04-04,139,1
0.0,C0123,P049,1,147.95,147.95,Jason Johnston,Asia,2023-11-05,319,0
0.0,C0018,P049,3,443.85,147.95,Tyler Haynes,North America,2024-09-21,54,1
0.0,C0064,P049,1,147.95,147.95,Martha Montgomery,Europe,2023-10-22,17,1
0.0,C0121,P049,2,295.9,147.95,Mark Atkinson,Europe,2023-07-23,272,0
0.0,C0041,P049,4,591.8,147.95,Lindsey Deleon,Europe,2023-12-27,6,1
0.0,C0070,P049,4,591.8,147.95,Timothy Perez,Europe,2022-03-15,281,0
0.0,C0161,P049,1,147.95,147.95,Jessica Warren,Asia,2022-03-14,1,1
0.0,C0173,P049,1,147.95,147.95,Francisco Young,Asia,2022-10-06,201,0
0.0,C0132,P049,4,591.8,147.95,Lisa Jackson,Europe,2023-02-01,322,0
0.0,C0150,P087,2,580.34,290.17,Angela Williams,South America,2022-09-13,147,1
0.0,C0176,P087,4,1160.68,290.17,Nicole Booth,North America,2022-03-23,69,2
0.0,C0167,P087,2,580.34,290.17,Brandy Welch,Europe,2024-01-27,126,1
0.0,C0184,P087,1,290.17,290.17,Tina Jacobs,South America,2022-05-13,227,0
0.0,C0184,P087,1,290.17,290.17,Tina Jacobs,South America,2022-05-13,134,1
0.0,C0034,P087,2,580.34,290.17,Dalton Perez,North America,2023-09-27,295,0
0.0,C0053,P087,4,1160.68,290.17,Albert Burke,Europe,2022-06-18,173,2
0.0,C0102,P087,1,290.17,290.17,Michael Atkinson,South America,2022-09-16,199,0
0.0,C0134,P087,4,1160.68,290.17,Theresa Gonzalez,Asia,2022-02-19,315,2
0.0,C0086,P087,2,580.34,290.17,Stephanie Peterson,Europe,2022-09-18,271,0
0.0,C0036,P087,3,870.51,290.17,Brian Aguilar DDS,North America,2024-07-06,307,0
0.0,C0056,P087,2,580.34,290.17,Erika Fernandez,Asia,2024-04-12,68,1
0.0,C0076,P053,3,824.82,274.94,Emily Roberts,South America,2024-02-11,337,0
0.0,C0194,P053,1,274.94,274.94,Stacy Cook,North America,2024-05-04,74,1
0.0,C0146,P053,3,824.82,274.94,Brittany Harvey,Asia,2024-09-04,354,0
0.0,C0124,P053,4,1099.76,274.94,Lindsay Perez,Europe,2024-08-26,38,1
0.0,C0053,P053,3,824.82,274.94,Albert Burke,Europe,2022-06-18,194,2
0.0,C0065,P053,1,274.94,274.94,Gerald Hines,North America,2024-07-10,262,0
0.0,C0024,P053,1,274.94,274.94,Michele Cooley,North America,2024-02-05,117,1
0.0,C0004,P053,4,1099.76,274.94,Kathleen Rodriguez,South America,2022-10-09,71,2
0.0,C0139,P053,1,274.94,274.94,Ricky Gutierrez,North America,2022-03-14,280,0
0.0,C0133,P053,4,1099.76,274.94,Gwendolyn Carter,South America,2023-03-11,341,0
0.0,C0173,P023,4,1818.12,454.53,Francisco Young,Asia,2022-10-06,128,2
0.0,C0076,P023,1,454.53,454.53,Emily Roberts,South America,2024-02-11,172,1
0.0,C0012,P023,2,909.06,454.53,Kevin May,South America,2024-08-07,151,2
0.0,C0184,P023,1,454.53,454.53,Tina Jacobs,South America,2022-05-13,109,1
0.0,C0128,P023,1,454.53,454.53,Henry Leach,Asia,2023-05-29,9,1
0.0,C0158,P023,3,1363.59,454.53,Wendy Browning,South America,2023-04-12,249,2
0.0,C0012,P023,3,1363.59,454.53,Kevin May,South America,2024-08-07,343,2
0.0,C0133,P023,2,909.06,454.53,Gwendolyn Carter,South America,2023-03-11,173,2
0.0,C0164,P023,4,1818.12,454.53,Morgan Perez,Europe,2023-06-01,307,2
0.0,C0067,P069,1,100.81,100.81,Carl Gonzalez,North America,2023-07-06,291,0
0.0,C0142,P069,2,201.62,100.81,Nicole Long DVM,Asia,2024-02-08,233,0
0.0,C0121,P069,2,201.62,100.81,Mark Atkinson,Europe,2023-07-23,78,1
0.0,C0032,P069,1,100.81,100.81,Dustin Campbell,South America,2024-04-17,55,1
0.0,C0063,P069,1,100.81,100.81,Wayne Ferguson,Europe,2024-02-05,272,0
0.0,C0113,P069,2,201.62,100.81,Joseph Ortiz Jr.,South America,2022-06-17,113,1
0.0,C0136,P069,3,302.43,100.81,Kristen Holder,Asia,2024-03-14,316,0
0.0,C0017,P069,2,201.62,100.81,Jennifer King,Europe,2023-12-05,13,1
0.0,C0194,P069,2,201.62,100.81,Stacy Cook,North America,2024-05-04,296,0
0.0,C0172,P069,1,100.81,100.81,Jamie Webb,Europe,2024-09-09,135,1
0.0,C0068,P069,4,403.24,100.81,Mark Cox,North America,2023-04-04,157,1
0.0,C0125,P069,3,302.43,100.81,Nicholas Taylor,North America,2022-12-18,237,0
0.0,C0086,P095,4,909.04,227.26,Stephanie Peterson,Europe,2022-09-18,97,1
0.0,C0002,P095,2,454.52,227.26,Elizabeth Lutz,Asia,2022-02-13,194,0
0.0,C0008,P095,1,227.26,227.26,David Li,North America,2024-01-13,165,1
0.0,C0017,P095,2,454.52,227.26,Jennifer King,Europe,2023-12-05,133,1
0.0,C0122,P095,3,681.78,227.26,Corey Ruiz,North America,2022-05-06,239,0
0.0,C0109,P095,3,681.78,227.26,Abigail Jones,North America,2022-05-09,307,0
0.0,C0071,P095,4,909.04,227.26,Taylor Murphy,South America,2022-07-01,237,2
0.0,C0162,P062,1,374.16,374.16,Edwin Watson,Asia,2022-03-29,94,1
0.0,C0141,P062,4,1496.64,374.16,Paul Parsons,Europe,2023-02-23,45,2
0.0,C0155,P062,2,748.32,374.16,Michelle Brown,South America,2023-03-23,206,0
0.0,C0156,P062,2,748.32,374.16,William Adams,North America,2023-08-19,270,0
0.0,C0188,P062,4,1496.64,374.16,Anna Ball,South America,2022-05-17,59,2
0.0,C0064,P062,1,374.16,374.16,Martha Montgomery,Europe,2023-10-22,342,0
0.0,C0183,P062,2,748.32,374.16,Kimberly Johnson,North America,2024-01-23,168,1
0.0,C0191,P062,4,1496.64,374.16,Samantha Gibson DVM,South America,2024-04-07,194,2
0.0,C0147,P062,1,374.16,374.16,Hunter Fuller,South America,2022-05-16,360,0
0.0,C0087,P062,3,1122.48,374.16,Travis Campbell,South America,2024-04-11,258,2
0.0,C0028,P062,3,1122.48,374.16,Jennifer Pena,Asia,2024-06-29,23,1
0.0,C0138,P062,4,1496.64,374.16,Cynthia Clayton,Asia,2024-11-01,277,2
0.0,C0153,P062,2,748.32,374.16,Justin Smith,South America,2022-03-20,183,0
0.0,C0043,P062,2,748.32,374.16,Sandy Short MD,Asia,2023-02-05,164,1
0.0,C0135,P062,2,748.32,374.16,Toni Weaver,Europe,2022-08-23,278,0
0.0,C0122,P062,2,748.32,374.16,Corey Ruiz,North America,2022-05-06,283,0
0.0,C0091,P041,4,1825.12,456.28,Lisa Kirk,South America,2023-03-16,89,2
0.0,C0168,P041,4,1825.12,456.28,Karen Clements MD,South America,2022-12-13,9,2
0.0,C0012,P041,4,1825.12,456.28,Kevin May,South America,2024-08-07,197,2
0.0,C0069,P041,2,912.56,456.28,Stacy Foster,Europe,2023-12-03,241,0
0.0,C0184,P041,1,456.28,456.28,Tina Jacobs,South America,2022-05-13,56,1
0.0,C0125,P041,2,912.56,456.28,Nicholas Taylor,North America,2022-12-18,51,1
0.0,C0173,P041,1,456.28,456.28,Francisco Young,Asia,2022-10-06,2,1
0.0,C0066,P041,4,1825.12,456.28,Catherine White,Europe,2024-11-15,156,2
0.0,C0186,P041,1,456.28,456.28,Amber Alexander,Asia,2023-10-11,298,0
0.0,C0023,P041,3,1368.84,456.28,Nicholas Cain,Europe,2022-03-04,183,2
0.0,C0101,P041,3,1368.84,456.28,Kelsey Roberts,Asia,2023-09-30,232,2
0.0,C0105,P060,1,155.65,155.65,Ryan Hampton,Europe,2024-11-11,218,0
0.0,C0072,P060,4,622.6,155.65,Sarah Scott,North America,2024-07-24,308,0
0.0,C0093,P060,2,311.3,155.65,Nancy Walker,Asia,2024-07-13,216,0
0.0,C0009,P060,1,155.65,155.65,Joy Clark,Europe,2023-08-14,77,1
0.0,C0162,P060,4,622.6,155.65,Edwin Watson,Asia,2022-03-29,220,0
0.0,C0083,P060,1,155.65,155.65,Christina Stark,South America,2022-04-07,352,0
0.0,C0001,P054,2,114.6,57.3,Lawrence Carroll,South America,2022-07-10,19,1
0.0,C0039,P054,3,171.9,57.3,Angela Harris,South America,2024-10-13,274,0
0.0,C0124,P054,4,229.2,57.3,Lindsay Perez,Europe,2024-08-26,92,1
0.0,C0165,P054,2,114.6,57.3,Juan Mcdaniel,South America,2022-04-09,229,0
0.0,C0143,P054,1,57.3,57.3,Brian Parker,Asia,2024-05-27,31,1
0.0,C0165,P054,2,114.6,57.3,Juan Mcdaniel,South America,2022-04-09,332,0
0.0,C0038,P054,3,171.9,57.3,Jeffrey Perkins,North America,2022-04-16,74,1
0.0,C0019,P054,3,171.9,57.3,Brandon Rodriguez,Europe,2023-01-12,313,0
0.0,C0083,P054,2,114.6,57.3,Christina Stark,South America,2022-04-07,318,0
0.0,C0073,P054,4,229.2,57.3,Heidi Johnson,Europe,2022-08-20,80,1
0.0,C0156,P054,3,171.9,57.3,William Adams,North America,2023-08-19,113,1
0.0,C0047,P054,3,171.9,57.3,Samantha Frank,North America,2024-03-22,236,0
0.0,C0190,P054,4,229.2,57.3,Alexander Lowe,South America,2024-05-31,188,0
0.0,C0086,P054,4,229.2,57.3,Stephanie Peterson,Europe,2022-09-18,215,0
0.0,C0171,P054,3,171.9,57.3,Michael Cowan,South America,2022-12-16,29,1
0.0,C0181,P054,3,171.9,57.3,Alexander Barker,South America,2023-11-16,229,0
0.0,C0072,P070,2,97.38,48.69,Sarah Scott,North America,2024-07-24,188,0
0.0,C0108,P070,1,48.69,48.69,David Davis,South America,2022-09-28,48,1
0.0,C0090,P070,3,146.07,48.69,Charles Hamilton,Asia,2023-10-17,241,0
0.0,C0126,P070,1,48.69,48.69,Caitlin Brown,South America,2024-02-20,269,0
0.0,C0056,P070,4,194.76,48.69,Erika Fernandez,Asia,2024-04-12,361,0
0.0,C0106,P070,4,194.76,48.69,Amanda Mcguire,Asia,2022-09-22,306,0
0.0,C0166,P010,3,1050.39,350.13,John Rogers,Europe,2022-02-13,266,2
0.0,C0088,P010,3,1050.39,350.13,Carlos Murray,Asia,2023-05-14,267,2
0.0,C0069,P010,2,700.26,350.13,Stacy Foster,Europe,2023-12-03,244,0
0.0,C0113,P010,3,1050.39,350.13,Joseph Ortiz Jr.,South America,2022-06-17,333,0
0.0,C0086,P010,2,700.26,350.13,Stephanie Peterson,Europe,2022-09-18,361,0
0.0,C0125,P010,3,1050.39,350.13,Nicholas Taylor,North America,2022-12-18,95,2
0.0,C0192,P010,1,350.13,350.13,Sarah Arias,South America,2022-09-15,204,0
0.0,C0074,P010,1,350.13,350.13,Jonathan Russo,Europe,2022-05-27,211,0
0.0,C0162,P010,1,350.13,350.13,Edwin Watson,Asia,2022-03-29,13,1
0.0,C0048,P010,2,700.26,350.13,Matthew Park,South America,2024-11-07,28,1
0.0,C0122,P010,2,700.26,350.13,Corey Ruiz,North America,2022-05-06,141,1
0.0,C0006,P040,2,306.38,153.19,Brittany Palmer,South America,2024-01-07,157,1
0.0,C0142,P040,4,612.76,153.19,Nicole Long DVM,Asia,2024-02-08,94,1
0.0,C0139,P040,2,306.38,153.19,Ricky Gutierrez,North America,2022-03-14,25,1
0.0,C0048,P040,4,612.76,153.19,Matthew Park,South America,2024-11-07,340,0
0.0,C0171,P040,2,306.38,153.19,Michael Cowan,South America,2022-12-16,49,1
0.0,C0119,P040,2,306.38,153.19,David Armstrong,Europe,2023-11-13,118,1
0.0,C0184,P040,3,459.57,153.19,Tina Jacobs,South America,2022-05-13,252,0
0.0,C0186,P040,4,612.76,153.19,Amber Alexander,Asia,2023-10-11,173,1
0.0,C0071,P040,1,153.19,153.19,Taylor Murphy,South America,2022-07-01,143,1
0.0,C0193,P040,2,306.38,153.19,Douglas Torres,Asia,2023-02-03,148,1
0.0,C0148,P040,4,612.76,153.19,Matthew Rogers,South America,2023-04-16,164,1
0.0,C0027,P040,2,306.38,153.19,Justin Heath,Asia,2022-11-09,68,1
0.0,C0191,P040,4,612.76,153.19,Samantha Gibson DVM,South America,2024-04-07,156,1
0.0,C0153,P007,4,1680.6,420.15,Justin Smith,South America,2022-03-20,199,2
0.0,C0101,P007,4,1680.6,420.15,Kelsey Roberts,Asia,2023-09-30,74,2
0.0,C0161,P007,2,840.3,420.15,Jessica Warren,Asia,2022-03-14,31,1
0.0,C0103,P007,2,840.3,420.15,Jennifer Munoz,Europe,2022-05-15,241,0
0.0,C0047,P007,1,420.15,420.15,Samantha Frank,North America,2024-03-22,4,1
0.0,C0156,P007,2,840.3,420.15,William Adams,North America,2023-08-19,350,0
0.0,C0079,P007,2,840.3,420.15,Brian Murillo,North America,2022-02-02,53,1
0.0,C0193,P007,3,1260.45,420.15,Douglas Torres,Asia,2023-02-03,144,2
0.0,C0145,P038,2,294.44,147.22,Wayne Stone,Asia,2023-01-13,11,1
0.0,C0109,P038,4,588.88,147.22,Abigail Jones,North America,2022-05-09,312,0
0.0,C0004,P038,3,441.66,147.22,Kathleen Rodriguez,South America,2022-10-09,216,0
0.0,C0082,P038,4,588.88,147.22,Aimee Taylor,South America,2022-05-13,266,0
0.0,C0181,P038,2,294.44,147.22,Alexander Barker,South America,2023-11-16,363,0
0.0,C0065,P038,3,441.66,147.22,Gerald Hines,North America,2024-07-10,349,0
0.0,C0025,P038,4,588.88,147.22,Gregory Odom,South America,2022-07-04,130,1
0.0,C0111,P038,1,147.22,147.22,Roger David,Europe,2024-11-13,348,0
0.0,C0160,P038,1,147.22,147.22,Jodi Cook,North America,2022-04-05,40,1
0.0,C0159,P038,1,147.22,147.22,Austin Miller,Asia,2022-08-06,86,1
0.0,C0093,P038,1,147.22,147.22,Nancy Walker,Asia,2024-07-13,253,0
0.0,C0008,P038,1,147.22,147.22,David Li,North America,2024-01-13,314,0
0.0,C0117,P038,1,147.22,147.22,Jeffrey Mcmahon,North America,2024-11-22,40,1
0.0,C0061,P085,3,1249.05,416.35,Brandon Escobar,Europe,2023-03-06,232,2
0.0,C0090,P085,3,1249.05,416.35,Charles Hamilton,Asia,2023-10-17,57,2
0.0,C0028,P085,3,1249.05,416.35,Jennifer Pena,Asia,2024-06-29,136,2
0.0,C0189,P085,3,1249.05,416.35,Sherri Dixon,North America,2024-01-22,317,2
0.0,C0037,P085,4,1665.4,416.35,Linda Smith,Europe,2023-02-04,138,2
0.0,C0145,P085,2,832.7,416.35,Wayne Stone,Asia,2023-01-13,273,0
0.0,C0021,P085,1,416.35,416.35,Robert Blanchard,Asia,2023-04-17,96,1
0.0,C0099,P085,4,1665.4,416.35,Rodney Eaton,South America,2023-01-29,359,2
0.0,C0012,P061,4,627.84,156.96,Kevin May,South America,2024-08-07,170,1
0.0,C0167,P061,3,470.88,156.96,Brandy Welch,Europe,2024-01-27,275,0
0.0,C0052,P061,4,627.84,156.96,Stanley Aguirre,South America,2024-02-20,245,0
0.0,C0114,P061,4,627.84,156.96,Benjamin Anderson,Europe,2024-11-18,53,1
0.0,C0163,P061,3,470.88,156.96,Tiffany Cain,South America,2023-06-08,132,1
0.0,C0102,P061,1,156.96,156.96,Michael Atkinson,South America,2022-09-16,178,0
0.0,C0119,P061,1,156.96,156.96,David Armstrong,Europe,2023-11-13,38,1
0.0,C0038,P061,1,156.96,156.96,Jeffrey Perkins,North America,2022-04-16,348,0
0.0,C0182,P061,4,627.84,156.96,Joshua Preston,Europe,2024-12-28,119,1
0.0,C0065,P061,3,470.88,156.96,Gerald Hines,North America,2024-07-10,66,1
0.0,C0200,P061,4,627.84,156.96,Kelly Cross,Asia,2023-06-11,198,0
0.0,C0052,P061,2,313.92,156.96,Stanley Aguirre,South America,2024-02-20,9,1
0.0,C0178,P061,1,156.96,156.96,Carol Williams,Asia,2023-11-19,356,0
0.0,C0090,P061,3,470.88,156.96,Charles Hamilton,Asia,2023-10-17,137,1
0.0,C0018,P061,3,470.88,156.96,Tyler Haynes,North America,2024-09-21,89,1
0.0,C0081,P061,2,313.92,156.96,Kimberly Turner,Europe,2024-02-24,0,1
0.0,C0006,P084,3,1013.73,337.91,Brittany Palmer,South America,2024-01-07,165,2
0.0,C0197,P084,3,1013.73,337.91,Christina Harvey,Europe,2023-03-21,130,2
0.0,C0100,P084,1,337.91,337.91,Clinton Gomez,Europe,2023-03-16,31,1
0.0,C0116,P084,2,675.82,337.91,James Martinez,North America,2024-09-11,31,1
0.0,C0122,P084,1,337.91,337.91,Corey Ruiz,North America,2022-05-06,79,1
0.0,C0149,P084,4,1351.64,337.91,Tina Wilson,Europe,2023-01-21,101,2
0.0,C0127,P084,1,337.91,337.91,Kathryn Stevens,Europe,2024-04-04,39,1
0.0,C0178,P084,4,1351.64,337.91,Carol Williams,Asia,2023-11-19,117,2
0.0,C0075,P084,4,1351.64,337.91,Misty Higgins,Europe,2023-05-01,341,2
0.0,C0106,P084,2,675.82,337.91,Amanda Mcguire,Asia,2022-09-22,127,1
0.0,C0059,P084,4,1351.64,337.91,Mrs. Kimberly Wright,North America,2024-04-07,259,2
0.0,C0026,P084,3,1013.73,337.91,Sara Miller,North America,2024-05-03,282,2
0.0,C0195,P084,2,675.82,337.91,Jeremy Mclaughlin,South America,2024-09-17,232,0
0.0,C0027,P003,4,176.48,44.12,Justin Heath,Asia,2022-11-09,286,0
0.0,C0153,P003,2,88.24,44.12,Justin Smith,South America,2022-03-20,203,0
0.0,C0178,P003,1,44.12,44.12,Carol Williams,Asia,2023-11-19,282,0
0.0,C0109,P003,4,176.48,44.12,Abigail Jones,North America,2022-05-09,230,0
0.0,C0135,P003,2,88.24,44.12,Toni Weaver,Europe,2022-08-23,137,1
0.0,C0172,P003,1,44.12,44.12,Jamie Webb,Europe,2024-09-09,206,0
0.0,C0101,P003,3,132.36,44.12,Kelsey Roberts,Asia,2023-09-30,2,1
0.0,C0137,P003,3,132.36,44.12,Robert Gardner,South America,2024-04-09,81,1
0.0,C0012,P003,4,176.48,44.12,Kevin May,South America,2024-08-07,133,1
0.0,C0169,P003,2,88.24,44.12,Jennifer Shaw,South America,2023-04-13,202,0
0.0,C0094,P003,2,88.24,44.12,Emily Trevino,North America,2023-09-16,70,1
0.0,C0111,P003,3,132.36,44.12,Roger David,Europe,2024-11-13,27,1
0.0,C0136,P051,3,195.48,65.16,Kristen Holder,Asia,2024-03-14,32,1
0.0,C0046,P051,3,195.48,65.16,Beth Cardenas,North America,2024-10-23,69,1
0.0,C0147,P051,1,65.16,65.16,Hunter Fuller,South America,2022-05-16,131,1
0.0,C0152,P051,1,65.16,65.16,Justin Evans,South America,2022-04-19,161,1
0.0,C0131,P051,3,195.48,65.16,Scott Wilson,North America,2022-06-05,18,1
0.0,C0116,P051,4,260.64,65.16,James Martinez,North America,2024-09-11,247,0
0.0,C0157,P051,2,130.32,65.16,Miguel Wong,North America,2024-01-30,126,1
0.0,C0175,P051,4,260.64,65.16,Matthew Johnson,Asia,2022-04-16,278,0
0.0,C0043,P051,2,130.32,65.16,Sandy Short MD,Asia,2023-02-05,263,0
0.0,C0076,P051,3,195.48,65.16,Emily Roberts,South America,2024-02-11,52,1
0.0,C0124,P086,2,881.4,440.7,Lindsay Perez,Europe,2024-08-26,91,1
0.0,C0021,P086,4,1762.8,440.7,Robert Blanchard,Asia,2023-04-17,13,2
0.0,C0041,P086,4,1762.8,440.7,Lindsey Deleon,Europe,2023-12-27,162,2
0.0,C0057,P086,4,1762.8,440.7,Elizabeth Nguyen,Europe,2024-07-27,214,2
0.0,C0126,P086,4,1762.8,440.7,Caitlin Brown,South America,2024-02-20,334,2
0.0,C0165,P086,4,1762.8,440.7,Juan Mcdaniel,South America,2022-04-09,222,2
0.0,C0171,P086,3,1322.1,440.7,Michael Cowan,South America,2022-12-16,13,2
0.0,C0006,P086,3,1322.1,440.7,Brittany Palmer,South America,2024-01-07,281,2
0.0,C0093,P086,1,440.7,440.7,Nancy Walker,Asia,2024-07-13,87,1
0.0,C0106,P047,2,318.66,159.33,Amanda Mcguire,Asia,2022-09-22,332,0
0.0,C0136,P047,4,637.32,159.33,Kristen Holder,Asia,2024-03-14,115,1
0.0,C0175,P047,3,477.99,159.33,Matthew Johnson,Asia,2022-04-16,270,0
0.0,C0075,P047,4,637.32,159.33,Misty Higgins,Europe,2023-05-01,52,1
0.0,C0046,P047,2,318.66,159.33,Beth Cardenas,North America,2024-10-23,253,0
0.0,C0128,P047,2,318.66,159.33,Henry Leach,Asia,2023-05-29,147,1
0.0,C0014,P047,2,318.66,159.33,Deborah Wilcox,Europe,2024-06-22,18,1
0.0,C0022,P047,1,159.33,159.33,Teresa Esparza,Asia,2023-10-27,192,0
0.0,C0159,P047,4,637.32,159.33,Austin Miller,Asia,2022-08-06,349,0
0.0,C0195,P047,3,477.99,159.33,Jeremy Mclaughlin,South America,2024-09-17,121,1
0.0,C0193,P068,3,1341.69,447.23,Douglas Torres,Asia,2023-02-03,43,2
0.0,C0059,P068,1,447.23,447.23,Mrs. Kimberly Wright,North America,2024-04-07,298,0
0.0,C0082,P068,3,1341.69,447.23,Aimee Taylor,South America,2022-05-13,335,2
0.0,C0081,P068,1,447.23,447.23,Kimberly Turner,Europe,2024-02-24,314,0
0.0,C0160,P068,1,447.23,447.23,Jodi Cook,North America,2022-04-05,7,1
0.0,C0165,P068,4,1788.92,447.23,Juan Mcdaniel,South America,2022-04-09,361,2
0.0,C0139,P068,2,894.46,447.23,Ricky Gutierrez,North America,2022-03-14,273,0
0.0,C0008,P068,1,447.23,447.23,David Li,North America,2024-01-13,214,0
0.0,C0035,P068,3,1341.69,447.23,Brianna Richardson,North America,2024-10-01,275,2
0.0,C0104,P068,1,447.23,447.23,Laura Bennett,South America,2022-02-10,236,0
0.0,C0187,P068,3,1341.69,447.23,Kayla Kelly,South America,2024-08-02,9,2
0.0,C0185,P092,3,1167.6,389.2,Kathleen Logan,North America,2023-10-17,233,2
0.0,C0098,P092,2,778.4,389.2,Laura Gilbert,North America,2024-10-21,184,0
0.0,C0042,P092,4,1556.8,389.2,Heather Riley,North America,2023-03-15,304,2
0.0,C0026,P092,1,389.2,389.2,Sara Miller,North America,2024-05-03,80,1
0.0,C0141,P092,4,1556.8,389.2,Paul Parsons,Europe,2023-02-23,183,2
0.0,C0103,P092,1,389.2,389.2,Jennifer Munoz,Europe,2022-05-15,64,1
0.0,C0149,P092,4,1556.8,389.2,Tina Wilson,Europe,2023-01-21,118,2
0.0,C0081,P092,4,1556.8,389.2,Kimberly Turner,Europe,2024-02-24,248,2
0.0,C0142,P092,3,1167.6,389.2,Nicole Long DVM,Asia,2024-02-08,360,2
0.0,C0093,P076,3,1287.87,429.29,Nancy Walker,Asia,2024-07-13,245,2
0.0,C0158,P076,4,1717.16,429.29,Wendy Browning,South America,2023-04-12,256,2
0.0,C0093,P076,4,1717.16,429.29,Nancy Walker,Asia,2024-07-13,195,2
0.0,C0113,P076,1,429.29,429.29,Joseph Ortiz Jr.,South America,2022-06-17,24,1
0.0,C0159,P076,3,1287.87,429.29,Austin Miller,Asia,2022-08-06,203,2
0.0,C0042,P076,1,429.29,429.29,Heather Riley,North America,2023-03-15,119,1
0.0,C0188,P076,4,1717.16,429.29,Anna Ball,South America,2022-05-17,182,2
0.0,C0175,P076,1,429.29,429.29,Matthew Johnson,Asia,2022-04-16,274,0
0.0,C0143,P076,3,1287.87,429.29,Brian Parker,Asia,2024-05-27,30,2
0.0,C0155,P076,2,858.58,429.29,Michelle Brown,South America,2023-03-23,256,0
0.0,C0099,P036,2,745.1,372.55,Rodney Eaton,South America,2023-01-29,353,0
0.0,C0139,P036,1,372.55,372.55,Ricky Gutierrez,North America,2022-03-14,100,1
0.0,C0092,P036,1,372.55,372.55,Jacqueline Zamora,Asia,2024-05-29,28,1
0.0,C0141,P036,2,745.1,372.55,Paul Parsons,Europe,2023-02-23,339,0
0.0,C0092,P036,4,1490.2,372.55,Jacqueline Zamora,Asia,2024-05-29,295,2
0.0,C0067,P036,1,372.55,372.55,Carl Gonzalez,North America,2023-07-06,291,0
0.0,C0083,P036,1,372.55,372.55,Christina Stark,South America,2022-04-07,105,1
0.0,C0010,P036,3,1117.65,372.55,Aaron Cox,Europe,2022-12-15,322,2
0.0,C0101,P036,2,745.1,372.55,Kelsey Roberts,Asia,2023-09-30,342,0
0.0,C0013,P036,3,1117.65,372.55,Lauren Buchanan,South America,2024-05-19,308,2
0.0,C0029,P036,3,1117.65,372.55,Erin Manning,North America,2022-04-16,361,0
0.0,C0093,P036,1,372.55,372.55,Nancy Walker,Asia,2024-07-13,95,1
0.0,C0035,P013,1,114.2,114.2,Brianna Richardson,North America,2024-10-01,17,1
0.0,C0045,P013,4,456.8,114.2,Michael Williams,Asia,2022-02-25,160,1
0.0,C0084,P013,1,114.2,114.2,Belinda Garner,Asia,2024-09-17,24,1
0.0,C0118,P013,1,114.2,114.2,Jacob Holt,South America,2022-01-22,319,0
0.0,C0039,P013,1,114.2,114.2,Angela Harris,South America,2024-10-13,301,0
0.0,C0075,P013,3,342.6,114.2,Misty Higgins,Europe,2023-05-01,165,1
0.0,C0069,P013,3,342.6,114.2,Stacy Foster,Europe,2023-12-03,130,1
0.0,C0084,P013,3,342.6,114.2,Belinda Garner,Asia,2024-09-17,290,0
0.0,C0157,P013,3,342.6,114.2,Miguel Wong,North America,2024-01-30,80,1
0.0,C0197,P013,4,456.8,114.2,Christina Harvey,Europe,2023-03-21,13,1
0.0,C0091,P013,3,342.6,114.2,Lisa Kirk,South America,2023-03-16,70,1
0.0,C0084,P058,2,315.24,157.62,Belinda Garner,Asia,2024-09-17,249,0
0.0,C0076,P058,3,472.86,157.62,Emily Roberts,South America,2024-02-11,38,1
0.0,C0049,P058,2,315.24,157.62,Jason Yates,North America,2024-09-18,117,1
0.0,C0102,P058,4,630.48,157.62,Michael Atkinson,South America,2022-09-16,101,1
0.0,C0022,P058,2,315.24,157.62,Teresa Esparza,Asia,2023-10-27,261,0
0.0,C0152,P058,1,157.62,157.62,Justin Evans,South America,2022-04-19,13,1
0.0,C0102,P058,4,630.48,157.62,Michael Atkinson,South America,2022-09-16,13,1
0.0,C0139,P058,2,315.24,157.62,Ricky Gutierrez,North America,2022-03-14,212,0
0.0,C0118,P058,1,157.62,157.62,Jacob Holt,South America,2022-01-22,313,0
0.0,C0047,P058,2,315.24,157.62,Samantha Frank,North America,2024-03-22,117,1
0.0,C0153,P058,4,630.48,157.62,Justin Smith,South America,2022-03-20,249,0
0.0,C0156,P058,1,157.62,157.62,William Adams,North America,2023-08-19,141,1
0.0,C0112,P058,4,630.48,157.62,Brian Adkins,South America,2022-07-07,192,0
0.0,C0056,P050,2,875.3,437.65,Erika Fernandez,Asia,2024-04-12,290,0
0.0,C0172,P050,1,437.65,437.65,Jamie Webb,Europe,2024-09-09,326,0
0.0,C0085,P050,3,1312.95,437.65,Richard Brown,South America,2024-09-22,248,2
0.0,C0140,P050,4,1750.6,437.65,Gregory Estrada,Asia,2023-07-01,220,2
0.0,C0096,P050,2,875.3,437.65,Benjamin Mcclure,South America,2022-11-18,31,1
0.0,C0098,P050,1,437.65,437.65,Laura Gilbert,North America,2024-10-21,108,1
0.0,C0007,P050,1,437.65,437.65,Paul Graves,Asia,2022-06-18,51,1
0.0,C0181,P050,2,875.3,437.65,Alexander Barker,South America,2023-11-16,261,0
0.0,C0162,P050,3,1312.95,437.65,Edwin Watson,Asia,2022-03-29,11,2
0.0,C0009,P050,1,437.65,437.65,Joy Clark,Europe,2023-08-14,286,0
0.0,C0155,P050,1,437.65,437.65,Michelle Brown,South America,2023-03-23,17,1
0.0,C0112,P050,3,1312.95,437.65,Brian Adkins,South America,2022-07-07,129,2
0.0,C0156,P050,4,1750.6,437.65,William Adams,North America,2023-08-19,125,2
0.0,C0177,P030,4,1111.44,277.86,Julia Kelly,Asia,2024-06-01,180,2
0.0,C0170,P030,1,277.86,277.86,Logan Harris,Europe,2023-09-13,141,1
0.0,C0085,P030,1,277.86,277.86,Richard Brown,South America,2024-09-22,286,0
0.0,C0136,P030,4,1111.44,277.86,Kristen Holder,Asia,2024-03-14,159,2
0.0,C0081,P030,3,833.58,277.86,Kimberly Turner,Europe,2024-02-24,147,1
0.0,C0011,P030,1,277.86,277.86,Bryan Mathews,South America,2022-12-12,223,0
0.0,C0018,P030,4,1111.44,277.86,Tyler Haynes,North America,2024-09-21,217,2
0.0,C0046,P030,1,277.86,277.86,Beth Cardenas,North America,2024-10-23,6,1
0.0,C0087,P030,3,833.58,277.86,Travis Campbell,South America,2024-04-11,53,1
0.0,C0189,P025,2,569.24,284.62,Sherri Dixon,North America,2024-01-22,356,0
0.0,C0041,P025,3,853.86,284.62,Lindsey Deleon,Europe,2023-12-27,70,1
0.0,C0174,P025,1,284.62,284.62,Tracy Steele,South America,2022-11-03,347,0
0.0,C0005,P025,3,853.86,284.62,Laura Weber,Asia,2022-08-15,126,1
0.0,C0004,P025,2,569.24,284.62,Kathleen Rodriguez,South America,2022-10-09,347,0
0.0,C0003,P025,3,853.86,284.62,Michael Rivera,South America,2024-03-07,156,2
0.0,C0162,P025,3,853.86,284.62,Edwin Watson,Asia,2022-03-29,322,0
0.0,C0141,P025,1,284.62,284.62,Paul Parsons,Europe,2023-02-23,100,1
0.0,C0021,P025,1,284.62,284.62,Robert Blanchard,Asia,2023-04-17,16,1
0.0,C0064,P025,3,853.86,284.62,Martha Montgomery,Europe,2023-10-22,128,1
0.0,C0055,P025,4,1138.48,284.62,Lauren Williams,North America,2024-11-11,24,1
0.0,C0096,P025,4,1138.48,284.62,Benjamin Mcclure,South America,2022-11-18,235,2
0.0,C0049,P027,4,916.24,229.06,Jason Yates,North America,2024-09-18,63,1
0.0,C0039,P027,3,687.18,229.06,Angela Harris,South America,2024-10-13,191,0
0.0,C0173,P027,2,458.12,229.06,Francisco Young,Asia,2022-10-06,5,1
0.0,C0018,P027,4,916.24,229.06,Tyler Haynes,North America,2024-09-21,49,1
0.0,C0019,P027,3,687.18,229.06,Brandon Rodriguez,Europe,2023-01-12,166,1
0.0,C0064,P027,4,916.24,229.06,Martha Montgomery,Europe,2023-10-22,8,1
0.0,C0034,P027,4,916.24,229.06,Dalton Perez,North America,2023-09-27,193,2
0.0,C0098,P027,2,458.12,229.06,Laura Gilbert,North America,2024-10-21,117,1
0.0,C0026,P027,4,916.24,229.06,Sara Miller,North America,2024-05-03,156,2
0.0,C0084,P027,4,916.24,229.06,Belinda Garner,Asia,2024-09-17,72,1
0.0,C0197,P027,2,458.12,229.06,Christina Harvey,Europe,2023-03-21,363,0
0.0,C0113,P078,4,164.72,41.18,Joseph Ortiz Jr.,South America,2022-06-17,191,0
0.0,C0113,P078,2,82.36,41.18,Joseph Ortiz Jr.,South America,2022-06-17,208,0
0.0,C0062,P078,3,123.54,41.18,Jeffery Hartman,Europe,2022-12-14,192,0
0.0,C0098,P078,1,41.18,41.18,Laura Gilbert,North America,2024-10-21,93,1
0.0,C0067,P078,3,123.54,41.18,Carl Gonzalez,North America,2023-07-06,228,0
0.0,C0190,P078,1,41.18,41.18,Alexander Lowe,South America,2024-05-31,349,0
0.0,C0160,P078,4,164.72,41.18,Jodi Cook,North America,2022-04-05,63,1
0.0,C0060,P078,2,82.36,41.18,James Murphy,Europe,2022-04-22,247,0
0.0,C0166,P078,4,164.72,41.18,John Rogers,Europe,2022-02-13,207,0
0.0,C0172,P078,2,82.36,41.18,Jamie Webb,Europe,2024-09-09,269,0
0.0,C0043,P100,2,252.68,126.34,Sandy Short MD,Asia,2023-02-05,115,1
0.0,C0161,P100,1,126.34,126.34,Jessica Warren,Asia,2022-03-14,70,1
0.0,C0109,P100,4,505.36,126.34,Abigail Jones,North America,2022-05-09,198,0
0.0,C0109,P100,2,252.68,126.34,Abigail Jones,North America,2022-05-09,195,0
0.0,C0156,P100,4,505.36,126.34,William Adams,North America,2023-08-19,238,0
0.0,C0077,P100,2,252.68,126.34,Scott Sims,South America,2023-10-18,71,1
0.0,C0148,P039,3,1291.77,430.59,Matthew Rogers,South America,2023-04-16,175,2
0.0,C0168,P039,3,1291.77,430.59,Karen Clements MD,South America,2022-12-13,196,2
0.0,C0072,P039,4,1722.36,430.59,Sarah Scott,North America,2024-07-24,71,2
0.0,C0048,P039,1,430.59,430.59,Matthew Park,South America,2024-11-07,261,0
0.0,C0192,P039,3,1291.77,430.59,Sarah Arias,South America,2022-09-15,212,2
0.0,C0005,P039,2,861.18,430.59,Laura Weber,Asia,2022-08-15,75,1
0.0,C0096,P039,4,1722.36,430.59,Benjamin Mcclure,South America,2022-11-18,215,2
0.0,C0016,P039,1,430.59,430.59,Emily Woods,North America,2024-01-03,184,0
0.0,C0102,P039,3,1291.77,430.59,Michael Atkinson,South America,2022-09-16,215,2
0.0,C0114,P039,3,1291.77,430.59,Benjamin Anderson,Europe,2024-11-18,75,2
0.0,C0088,P039,1,430.59,430.59,Carlos Murray,Asia,2023-05-14,350,0
0.0,C0053,P039,4,1722.36,430.59,Albert Burke,Europe,2022-06-18,306,2
0.0,C0124,P016,1,330.05,330.05,Lindsay Perez,Europe,2024-08-26,281,0
0.0,C0192,P016,1,330.05,330.05,Sarah Arias,South America,2022-09-15,38,1
0.0,C0153,P016,3,990.15,330.05,Justin Smith,South America,2022-03-20,187,2
0.0,C0190,P016,4,1320.2,330.05,Alexander Lowe,South America,2024-05-31,137,2
0.0,C0051,P016,1,330.05,330.05,Nicholas Ellis,Europe,2023-12-21,352,0
0.0,C0111,P016,4,1320.2,330.05,Roger David,Europe,2024-11-13,28,2
0.0,C0016,P016,1,330.05,330.05,Emily Woods,North America,2024-01-03,228,0
0.0,C0046,P016,3,990.15,330.05,Beth Cardenas,North America,2024-10-23,269,2
0.0,C0105,P016,4,1320.2,330.05,Ryan Hampton,Europe,2024-11-11,171,2
0.0,C0097,P022,1,137.54,137.54,Tina Ford,Asia,2023-12-18,83,1
0.0,C0065,P022,3,412.62,137.54,Gerald Hines,North America,2024-07-10,211,0
0.0,C0154,P022,1,137.54,137.54,Robert Sharp,North America,2024-10-27,165,1
0.0,C0035,P022,3,412.62,137.54,Brianna Richardson,North America,2024-10-01,121,1
0.0,C0179,P022,3,412.62,137.54,Donald Miller,Europe,2022-10-16,205,0
0.0,C0160,P022,4,550.16,137.54,Jodi Cook,North America,2022-04-05,229,0
0.0,C0194,P022,3,412.62,137.54,Stacy Cook,North America,2024-05-04,91,1
0.0,C0188,P022,3,412.62,137.54,Anna Ball,South America,2022-05-17,244,0
0.0,C0025,P022,1,137.54,137.54,Gregory Odom,South America,2022-07-04,227,0
0.0,C0140,P022,1,137.54,137.54,Gregory Estrada,Asia,2023-07-01,290,0
0.0,C0124,P022,2,275.08,137.54,Lindsay Perez,Europe,2024-08-26,83,1
0.0,C0199,P022,4,550.16,137.54,Andrea Jenkins,Europe,2022-12-03,275,0
0.0,C0104,P022,3,412.62,137.54,Laura Bennett,South America,2022-02-10,302,0
0.0,C0121,P022,3,412.62,137.54,Mark Atkinson,Europe,2023-07-23,125,1
0.0,C0001,P022,3,412.62,137.54,Lawrence Carroll,South America,2022-07-10,261,0
0.0,C0085,P021,3,1007.52,335.84,Richard Brown,South America,2024-09-22,36,1
0.0,C0039,P021,3,1007.52,335.84,Angela Harris,South America,2024-10-13,301,0
0.0,C0098,P021,1,335.84,335.84,Laura Gilbert,North America,2024-10-21,241,0
0.0,C0136,P021,3,1007.52,335.84,Kristen Holder,Asia,2024-03-14,206,2
0.0,C0158,P021,1,335.84,335.84,Wendy Browning,South America,2023-04-12,201,0
0.0,C0182,P021,4,1343.36,335.84,Joshua Preston,Europe,2024-12-28,92,2
0.0,C0157,P021,1,335.84,335.84,Miguel Wong,North America,2024-01-30,140,1
0.0,C0185,P021,3,1007.52,335.84,Kathleen Logan,North America,2023-10-17,106,2
0.0,C0086,P021,1,335.84,335.84,Stephanie Peterson,Europe,2022-09-18,298,0
0.0,C0080,P021,3,1007.52,335.84,David Gonzalez,Asia,2024-02-07,73,1
0.0,C0137,P021,2,671.68,335.84,Robert Gardner,South America,2024-04-09,32,1
0.0,C0177,P072,2,798.68,399.34,Julia Kelly,Asia,2024-06-01,165,1
0.0,C0045,P072,3,1198.02,399.34,Michael Williams,Asia,2022-02-25,239,2
0.0,C0021,P072,2,798.68,399.34,Robert Blanchard,Asia,2023-04-17,196,0
0.0,C0152,P072,3,1198.02,399.34,Justin Evans,South America,2022-04-19,295,2
0.0,C0068,P072,3,1198.02,399.34,Mark Cox,North America,2023-04-04,360,2
0.0,C0040,P072,2,798.68,399.34,Michael Harrell,Asia,2022-03-07,7,1
0.0,C0062,P059,3,909.6,303.2,Jeffery Hartman,Europe,2022-12-14,185,2
0.0,C0009,P059,1,303.2,303.2,Joy Clark,Europe,2023-08-14,286,0
0.0,C0029,P059,1,303.2,303.2,Erin Manning,North America,2022-04-16,165,1
0.0,C0195,P059,3,909.6,303.2,Jeremy Mclaughlin,South America,2024-09-17,142,2
0.0,C0145,P059,1,303.2,303.2,Wayne Stone,Asia,2023-01-13,331,0
0.0,C0022,P059,4,1212.8,303.2,Teresa Esparza,Asia,2023-10-27,15,2
0.0,C0087,P059,3,909.6,303.2,Travis Campbell,South America,2024-04-11,204,2
0.0,C0179,P059,1,303.2,303.2,Donald Miller,Europe,2022-10-16,23,1
0.0,C0175,P059,2,606.4,303.2,Matthew Johnson,Asia,2022-04-16,115,1
0.0,C0100,P059,3,909.6,303.2,Clinton Gomez,Europe,2023-03-16,118,1
0.0,C0024,P059,3,909.6,303.2,Michele Cooley,North America,2024-02-05,105,1
0.0,C0104,P059,4,1212.8,303.2,Laura Bennett,South America,2022-02-10,141,2
0.0,C0027,P059,4,1212.8,303.2,Justin Heath,Asia,2022-11-09,160,2
0.0,C0156,P059,1,303.2,303.2,William Adams,North America,2023-08-19,279,0
0.0,C0062,P059,2,606.4,303.2,Jeffery Hartman,Europe,2022-12-14,5,1
0.0,C0017,P059,1,303.2,303.2,Jennifer King,Europe,2023-12-05,196,0
0.0,C0156,P059,3,909.6,303.2,William Adams,North America,2023-08-19,265,0
0.0,C0129,P059,4,1212.8,303.2,Marcus Livingston,South America,2024-04-14,284,2
0.0,C0098,P059,2,606.4,303.2,Laura Gilbert,North America,2024-10-21,20,1
0.0,C0106,P031,2,392.8,196.4,Amanda Mcguire,Asia,2022-09-22,262,0
0.0,C0028,P031,4,785.6,196.4,Jennifer Pena,Asia,2024-06-29,194,0
0.0,C0105,P031,1,196.4,196.4,Ryan Hampton,Europe,2024-11-11,11,1
0.0,C0008,P031,2,392.8,196.4,David Li,North America,2024-01-13,87,1
0.0,C0107,P042,1,379.44,379.44,Dana Cantrell,South America,2023-02-07,181,0
0.0,C0047,P042,3,1138.32,379.44,Samantha Frank,North America,2024-03-22,17,1
0.0,C0013,P042,2,758.88,379.44,Lauren Buchanan,South America,2024-05-19,56,1
0.0,C0032,P042,1,379.44,379.44,Dustin Campbell,South America,2024-04-17,333,0
0.0,C0122,P042,4,1517.76,379.44,Corey Ruiz,North America,2022-05-06,353,2
0.0,C0090,P042,3,1138.32,379.44,Charles Hamilton,Asia,2023-10-17,256,2
0.0,C0141,P042,4,1517.76,379.44,Paul Parsons,Europe,2023-02-23,271,2
0.0,C0084,P042,3,1138.32,379.44,Belinda Garner,Asia,2024-09-17,195,2
0.0,C0054,P074,4,1182.32,295.58,Bruce Rhodes,Asia,2024-09-29,127,2
0.0,C0144,P074,4,1182.32,295.58,Andrea Hart,North America,2024-09-30,108,2
0.0,C0047,P074,1,295.58,295.58,Samantha Frank,North America,2024-03-22,59,1
0.0,C0163,P074,1,295.58,295.58,Tiffany Cain,South America,2023-06-08,120,1
0.0,C0045,P074,4,1182.32,295.58,Michael Williams,Asia,2022-02-25,196,2
0.0,C0152,P074,1,295.58,295.58,Justin Evans,South America,2022-04-19,175,0
0.0,C0163,P074,4,1182.32,295.58,Tiffany Cain,South America,2023-06-08,62,2
0.0,C0037,P074,3,886.74,295.58,Linda Smith,Europe,2023-02-04,198,2
0.0,C0012,P074,1,295.58,295.58,Kevin May,South America,2024-08-07,360,0
0.0,C0172,P074,3,886.74,295.58,Jamie Webb,Europe,2024-09-09,21,1
0.0,C0166,P074,3,886.74,295.58,John Rogers,Europe,2022-02-13,225,2
0.0,C0089,P074,3,886.74,295.58,Paul Carter,Europe,2024-04-02,339,0
0.0,C0170,P074,3,886.74,295.58,Logan Harris,Europe,2023-09-13,257,0
0.0,C0126,P032,2,977.26,488.63,Caitlin Brown,South America,2024-02-20,16,1
0.0,C0127,P032,1,488.63,488.63,Kathryn Stevens,Europe,2024-04-04,229,0
0.0,C0139,P032,1,488.63,488.63,Ricky Gutierrez,North America,2022-03-14,17,1
0.0,C0179,P032,3,1465.89,488.63,Donald Miller,Europe,2022-10-16,98,2
0.0,C0173,P032,2,977.26,488.63,Francisco Young,Asia,2022-10-06,146,2
0.0,C0065,P032,4,1954.52,488.63,Gerald Hines,North America,2024-07-10,200,2
0.0,C0023,P032,2,977.26,488.63,Nicholas Cain,Europe,2022-03-04,316,0
0.0,C0082,P032,2,977.26,488.63,Aimee Taylor,South America,2022-05-13,293,0
0.0,C0050,P032,2,977.26,488.63,Ryan Davis,North America,2024-03-02,95,1
0.0,C0171,P032,3,1465.89,488.63,Michael Cowan,South America,2022-12-16,298,2
0.0,C0015,P032,1,488.63,488.63,Tina Duran,North America,2023-11-20,41,1
0.0,C0037,P009,1,325.01,325.01,Linda Smith,Europe,2023-02-04,259,0
0.0,C0129,P009,2,650.02,325.01,Marcus Livingston,South America,2024-04-14,274,0
0.0,C0187,P009,1,325.01,325.01,Kayla Kelly,South America,2024-08-02,186,0
0.0,C0162,P009,3,975.03,325.01,Edwin Watson,Asia,2022-03-29,289,0
0.0,C0079,P009,2,650.02,325.01,Brian Murillo,North America,2022-02-02,123,1
0.0,C0172,P009,2,650.02,325.01,Jamie Webb,Europe,2024-09-09,165,1
0.0,C0100,P009,4,1300.04,325.01,Clinton Gomez,Europe,2023-03-16,66,2
0.0,C0049,P081,1,66.32,66.32,Jason Yates,North America,2024-09-18,33,1
0.0,C0077,P081,4,265.28,66.32,Scott Sims,South America,2023-10-18,308,0
0.0,C0189,P081,3,198.96,66.32,Sherri Dixon,North America,2024-01-22,106,1
0.0,C0091,P081,4,265.28,66.32,Lisa Kirk,South America,2023-03-16,226,0
0.0,C0082,P081,4,265.28,66.32,Aimee Taylor,South America,2022-05-13,261,0
0.0,C0173,P081,3,198.96,66.32,Francisco Young,Asia,2022-10-06,140,1
0.0,C0111,P081,4,265.28,66.32,Roger David,Europe,2024-11-13,185,0
0.0,C0183,P081,1,66.32,66.32,Kimberly Johnson,North America,2024-01-23,8,1
0.0,C0053,P081,2,132.64,66.32,Albert Burke,Europe,2022-06-18,21,1
0.0,C0033,P081,2,132.64,66.32,Tyler Holt,North America,2024-08-04,188,0
0.0,C0108,P081,1,66.32,66.32,David Davis,South America,2022-09-28,209,0
0.0,C0010,P081,3,198.96,66.32,Aaron Cox,Europe,2022-12-15,89,1
0.0,C0147,P081,1,66.32,66.32,Hunter Fuller,South America,2022-05-16,254,0
0.0,C0041,P011,4,1044.8,261.2,Lindsey Deleon,Europe,2023-12-27,22,1
0.0,C0169,P011,4,1044.8,261.2,Jennifer Shaw,South America,2023-04-13,73,1
0.0,C0148,P011,4,1044.8,261.2,Matthew Rogers,South America,2023-04-16,163,2
0.0,C0161,P011,1,261.2,261.2,Jessica Warren,Asia,2022-03-14,228,0
0.0,C0119,P011,1,261.2,261.2,David Armstrong,Europe,2023-11-13,362,0
0.0,C0134,P011,3,783.6,261.2,Theresa Gonzalez,Asia,2022-02-19,267,0
0.0,C0108,P011,2,522.4,261.2,David Davis,South America,2022-09-28,269,0
0.0,C0039,P011,4,1044.8,261.2,Angela Harris,South America,2024-10-13,252,2
0.0,C0136,P011,4,1044.8,261.2,Kristen Holder,Asia,2024-03-14,17,1
0.0,C0024,P011,2,522.4,261.2,Michele Cooley,North America,2024-02-05,172,1
0.0,C0017,P096,2,614.94,307.47,Jennifer King,Europe,2023-12-05,92,1
0.0,C0001,P096,2,614.94,307.47,Lawrence Carroll,South America,2022-07-10,99,1
0.0,C0164,P096,2,614.94,307.47,Morgan Perez,Europe,2023-06-01,85,1
0.0,C0059,P096,1,307.47,307.47,Mrs. Kimberly Wright,North America,2024-04-07,254,0
0.0,C0020,P096,3,922.41,307.47,Mr. Manuel Conway,North America,2024-06-11,30,1
0.0,C0045,P096,3,922.41,307.47,Michael Williams,Asia,2022-02-25,76,1
0.0,C0021,P096,2,614.94,307.47,Robert Blanchard,Asia,2023-04-17,286,0
0.0,C0007,P096,3,922.41,307.47,Paul Graves,Asia,2022-06-18,238,2
0.0,C0044,P096,1,307.47,307.47,Kenneth Alexander,Europe,2024-07-10,179,0
0.0,C0117,P096,3,922.41,307.47,Jeffrey Mcmahon,North America,2024-11-22,205,2
0.0,C0104,P096,4,1229.88,307.47,Laura Bennett,South America,2022-02-10,309,2
0.0,C0119,P096,1,307.47,307.47,David Armstrong,Europe,2023-11-13,288,0
0.0,C0026,P096,4,1229.88,307.47,Sara Miller,North America,2024-05-03,283,2
0.0,C0161,P096,1,307.47,307.47,Jessica Warren,Asia,2022-03-14,141,1
0.0,C0075,P096,2,614.94,307.47,Misty Higgins,Europe,2023-05-01,283,0
0.0,C0051,P017,4,1879.08,469.77,Nicholas Ellis,Europe,2023-12-21,346,2
0.0,C0073,P017,2,939.54,469.77,Heidi Johnson,Europe,2022-08-20,71,1
0.0,C0171,P017,4,1879.08,469.77,Michael Cowan,South America,2022-12-16,189,2
0.0,C0104,P017,1,469.77,469.77,Laura Bennett,South America,2022-02-10,224,0
0.0,C0011,P017,2,939.54,469.77,Bryan Mathews,South America,2022-12-12,361,0
0.0,C0013,P017,4,1879.08,469.77,Lauren Buchanan,South America,2024-05-19,208,2
0.0,C0169,P017,4,1879.08,469.77,Jennifer Shaw,South America,2023-04-13,335,2
0.0,C0137,P017,2,939.54,469.77,Robert Gardner,South America,2024-04-09,33,1
0.0,C0131,P017,2,939.54,469.77,Scott Wilson,North America,2022-06-05,92,1
0.0,C0023,P017,1,469.77,469.77,Nicholas Cain,Europe,2022-03-04,175,0
0.0,C0167,P048,3,1249.2,416.4,Brandy Welch,Europe,2024-01-27,145,2
0.0,C0175,P048,2,832.8,416.4,Matthew Johnson,Asia,2022-04-16,131,1
0.0,C0042,P048,1,416.4,416.4,Heather Riley,North America,2023-03-15,315,0
0.0,C0099,P048,3,1249.2,416.4,Rodney Eaton,South America,2023-01-29,48,2
0.0,C0147,P048,1,416.4,416.4,Hunter Fuller,South America,2022-05-16,321,0
0.0,C0155,P048,4,1665.6,416.4,Michelle Brown,South America,2023-03-23,137,2
0.0,C0185,P048,3,1249.2,416.4,Kathleen Logan,North America,2023-10-17,7,2
0.0,C0154,P048,3,1249.2,416.4,Robert Sharp,North America,2024-10-27,115,2
0.0,C0025,P048,2,832.8,416.4,Gregory Odom,South America,2022-07-04,166,2
0.0,C0100,P048,1,416.4,416.4,Clinton Gomez,Europe,2023-03-16,218,0
0.0,C0200,P048,4,1665.6,416.4,Kelly Cross,Asia,2023-06-11,254,2
0.0,C0174,P048,4,1665.6,416.4,Tracy Steele,South America,2022-11-03,221,2
0.0,C0141,P048,4,1665.6,416.4,Paul Parsons,Europe,2023-02-23,156,2
0.0,C0118,P048,4,1665.6,416.4,Jacob Holt,South America,2022-01-22,353,2
0.0,C0068,P048,4,1665.6,416.4,Mark Cox,North America,2023-04-04,60,2
0.0,C0183,P052,2,709.62,354.81,Kimberly Johnson,North America,2024-01-23,318,0
0.0,C0008,P052,4,1419.24,354.81,David Li,North America,2024-01-13,261,2
0.0,C0169,P052,4,1419.24,354.81,Jennifer Shaw,South America,2023-04-13,339,2
0.0,C0099,P052,2,709.62,354.81,Rodney Eaton,South America,2023-01-29,123,1
0.0,C0165,P052,4,1419.24,354.81,Juan Mcdaniel,South America,2022-04-09,250,2
0.0,C0141,P065,3,1282.83,427.61,Paul Parsons,Europe,2023-02-23,268,2
0.0,C0084,P065,2,855.22,427.61,Belinda Garner,Asia,2024-09-17,226,0
0.0,C0118,P065,1,427.61,427.61,Jacob Holt,South America,2022-01-22,104,1
0.0,C0049,P065,1,427.61,427.61,Jason Yates,North America,2024-09-18,22,1
0.0,C0021,P065,3,1282.83,427.61,Robert Blanchard,Asia,2023-04-17,180,2
0.0,C0048,P065,2,855.22,427.61,Matthew Park,South America,2024-11-07,328,0
0.0,C0034,P065,2,855.22,427.61,Dalton Perez,North America,2023-09-27,130,1
0.0,C0107,P065,3,1282.83,427.61,Dana Cantrell,South America,2023-02-07,296,2
0.0,C0056,P065,2,855.22,427.61,Erika Fernandez,Asia,2024-04-12,31,1
0.0,C0055,P065,2,855.22,427.61,Lauren Williams,North America,2024-11-11,145,1
0.0,C0022,P065,4,1710.44,427.61,Teresa Esparza,Asia,2023-10-27,97,2
0.0,C0192,P063,3,100.77,33.59,Sarah Arias,South America,2022-09-15,168,1
0.0,C0174,P063,3,100.77,33.59,Tracy Steele,South America,2022-11-03,12,1
0.0,C0193,P063,3,100.77,33.59,Douglas Torres,Asia,2023-02-03,83,1
0.0,C0012,P063,1,33.59,33.59,Kevin May,South America,2024-08-07,297,0
0.0,C0175,P063,3,100.77,33.59,Matthew Johnson,Asia,2022-04-16,217,0
0.0,C0021,P063,3,100.77,33.59,Robert Blanchard,Asia,2023-04-17,25,1
0.0,C0075,P063,4,134.36,33.59,Misty Higgins,Europe,2023-05-01,17,1
0.0,C0090,P063,1,33.59,33.59,Charles Hamilton,Asia,2023-10-17,4,1
0.0,C0098,P063,4,134.36,33.59,Laura Gilbert,North America,2024-10-21,359,0
0.0,C0011,P089,3,662.73,220.91,Bryan Mathews,South America,2022-12-12,83,1
0.0,C0094,P089,3,662.73,220.91,Emily Trevino,North America,2023-09-16,310,0
0.0,C0120,P089,4,883.64,220.91,Francisco Diaz,South America,2023-01-13,120,1
0.0,C0109,P089,2,441.82,220.91,Abigail Jones,North America,2022-05-09,27,1
0.0,C0113,P089,4,883.64,220.91,Joseph Ortiz Jr.,South America,2022-06-17,35,1
0.0,C0068,P089,3,662.73,220.91,Mark Cox,North America,2023-04-04,343,0
0.0,C0170,P089,4,883.64,220.91,Logan Harris,Europe,2023-09-13,131,1
0.0,C0127,P088,1,263.55,263.55,Kathryn Stevens,Europe,2024-04-04,238,0
0.0,C0191,P088,1,263.55,263.55,Samantha Gibson DVM,South America,2024-04-07,228,0
0.0,C0114,P088,4,1054.2,263.55,Benjamin Anderson,Europe,2024-11-18,267,2
0.0,C0072,P088,1,263.55,263.55,Sarah Scott,North America,2024-07-24,261,0
0.0,C0050,P088,3,790.65,263.55,Ryan Davis,North America,2024-03-02,323,0
0.0,C0096,P088,2,527.1,263.55,Benjamin Mcclure,South America,2022-11-18,72,1
0.0,C0179,P088,4,1054.2,263.55,Donald Miller,Europe,2022-10-16,284,2
0.0,C0068,P088,2,527.1,263.55,Mark Cox,North America,2023-04-04,213,0
0.0,C0046,P066,4,1348.88,337.22,Beth Cardenas,North America,2024-10-23,99,2
0.0,C0023,P066,1,337.22,337.22,Nicholas Cain,Europe,2022-03-04,307,0
0.0,C0126,P066,3,1011.66,337.22,Caitlin Brown,South America,2024-02-20,172,2
0.0,C0037,P066,3,1011.66,337.22,Linda Smith,Europe,2023-02-04,182,2
0.0,C0147,P066,2,674.44,337.22,Hunter Fuller,South America,2022-05-16,212,0
0.0,C0175,P066,1,337.22,337.22,Matthew Johnson,Asia,2022-04-16,274,0
0.0,C0094,P066,1,337.22,337.22,Emily Trevino,North America,2023-09-16,79,1
0.0,C0146,P066,3,1011.66,337.22,Brittany Harvey,Asia,2024-09-04,194,2
0.0,C0101,P066,1,337.22,337.22,Kelsey Roberts,Asia,2023-09-30,207,0
0.0,C0017,P066,4,1348.88,337.22,Jennifer King,Europe,2023-12-05,337,2
0.0,C0116,P066,1,337.22,337.22,James Martinez,North America,2024-09-11,93,1
0.0,C0045,P015,4,635.72,158.93,Michael Williams,Asia,2022-02-25,215,0
0.0,C0068,P015,1,158.93,158.93,Mark Cox,North America,2023-04-04,150,1
0.0,C0101,P015,3,476.79,158.93,Kelsey Roberts,Asia,2023-09-30,363,0
0.0,C0156,P015,4,635.72,158.93,William Adams,North America,2023-08-19,2,1
0.0,C0013,P015,1,158.93,158.93,Lauren Buchanan,South America,2024-05-19,229,0
0.0,C0021,P015,1,158.93,158.93,Robert Blanchard,Asia,2023-04-17,37,1
0.0,C0101,P015,1,158.93,158.93,Kelsey Roberts,Asia,2023-09-30,85,1
0.0,C0129,P015,3,476.79,158.93,Marcus Livingston,South America,2024-04-14,149,1
0.0,C0019,P001,2,338.6,169.3,Brandon Rodriguez,Europe,2023-01-12,31,1
0.0,C0024,P001,4,677.2,169.3,Michele Cooley,North America,2024-02-05,269,0
0.0,C0071,P001,2,338.6,169.3,Taylor Murphy,South America,2022-07-01,215,0
0.0,C0036,P001,2,338.6,169.3,Brian Aguilar DDS,North America,2024-07-06,126,1
0.0,C0191,P001,1,169.3,169.3,Samantha Gibson DVM,South America,2024-04-07,347,0
0.0,C0105,P001,2,338.6,169.3,Ryan Hampton,Europe,2024-11-11,176,0
0.0,C0045,P001,2,338.6,169.3,Michael Williams,Asia,2022-02-25,226,0
0.0,C0017,P001,3,507.9,169.3,Jennifer King,Europe,2023-12-05,149,1
0.0,C0189,P093,2,609.88,304.94,Sherri Dixon,North America,2024-01-22,258,0
0.0,C0007,P093,4,1219.76,304.94,Paul Graves,Asia,2022-06-18,89,2
0.0,C0118,P093,2,609.88,304.94,Jacob Holt,South America,2022-01-22,97,1
0.0,C0079,P093,4,1219.76,304.94,Brian Murillo,North America,2022-02-02,213,2
0.0,C0179,P093,1,304.94,304.94,Donald Miller,Europe,2022-10-16,245,0
0.0,C0100,P093,1,304.94,304.94,Clinton Gomez,Europe,2023-03-16,97,1
0.0,C0031,P093,2,609.88,304.94,Tina Miller,South America,2024-04-11,283,0
0.0,C0141,P093,1,304.94,304.94,Paul Parsons,Europe,2023-02-23,122,1
0.0,C0161,P073,3,80.97,26.99,Jessica Warren,Asia,2022-03-14,83,1
0.0,C0029,P073,4,107.96,26.99,Erin Manning,North America,2022-04-16,276,0
0.0,C0111,P073,4,107.96,26.99,Roger David,Europe,2024-11-13,171,1
0.0,C0147,P073,3,80.97,26.99,Hunter Fuller,South America,2022-05-16,322,0
0.0,C0081,P073,1,26.99,26.99,Kimberly Turner,Europe,2024-02-24,102,1
0.0,C0055,P073,2,53.98,26.99,Lauren Williams,North America,2024-11-11,275,0
0.0,C0054,P073,2,53.98,26.99,Bruce Rhodes,Asia,2024-09-29,154,1
0.0,C0198,P073,1,26.99,26.99,Rebecca Ray,Europe,2022-02-27,279,0
0.0,C0049,P073,2,53.98,26.99,Jason Yates,North America,2024-09-18,147,1
0.0,C0149,P073,2,53.98,26.99,Tina Wilson,Europe,2023-01-21,242,0
0.0,C0103,P006,1,121.32,121.32,Jennifer Munoz,Europe,2022-05-15,275,0
0.0,C0051,P006,2,242.64,121.32,Nicholas Ellis,Europe,2023-12-21,3,1
0.0,C0003,P006,3,363.96,121.32,Michael Rivera,South America,2024-03-07,168,1
0.0,C0181,P006,4,485.28,121.32,Alexander Barker,South America,2023-11-16,203,0
0.0,C0139,P006,2,242.64,121.32,Ricky Gutierrez,North America,2022-03-14,277,0
0.0,C0134,P006,4,485.28,121.32,Theresa Gonzalez,Asia,2022-02-19,105,1
0.0,C0017,P006,3,363.96,121.32,Jennifer King,Europe,2023-12-05,172,1
0.0,C0081,P006,3,363.96,121.32,Kimberly Turner,Europe,2024-02-24,20,1
0.0,C0124,P006,4,485.28,121.32,Lindsay Perez,Europe,2024-08-26,103,1
0.0,C0053,P006,1,121.32,121.32,Albert Burke,Europe,2022-06-18,263,0
0.0,C0037,P006,3,363.96,121.32,Linda Smith,Europe,2023-02-04,275,0
0.0,C0138,P006,4,485.28,121.32,Cynthia Clayton,Asia,2024-11-01,251,0
0.0,C0104,P006,2,242.64,121.32,Laura Bennett,South America,2022-02-10,169,1
0.0,C0177,P055,1,128.53,128.53,Julia Kelly,Asia,2024-06-01,309,0
0.0,C0107,P055,4,514.12,128.53,Dana Cantrell,South America,2023-02-07,59,1
0.0,C0030,P055,3,385.59,128.53,Mark Brock,North America,2024-01-30,350,0
0.0,C0142,P055,2,257.06,128.53,Nicole Long DVM,Asia,2024-02-08,147,1
0.0,C0034,P055,4,514.12,128.53,Dalton Perez,North America,2023-09-27,298,0
0.0,C0109,P055,3,385.59,128.53,Abigail Jones,North America,2022-05-09,72,1
0.0,C0011,P055,3,385.59,128.53,Bryan Mathews,South America,2022-12-12,130,1
0.0,C0029,P055,2,257.06,128.53,Erin Manning,North America,2022-04-16,63,1
0.0,C0088,P055,1,128.53,128.53,Carlos Murray,Asia,2023-05-14,154,1
0.0,C0041,P055,1,128.53,128.53,Lindsey Deleon,Europe,2023-12-27,202,0
0.0,C0175,P064,4,1809.68,452.42,Matthew Johnson,Asia,2022-04-16,325,2
0.0,C0198,P064,2,904.84,452.42,Rebecca Ray,Europe,2022-02-27,274,0
0.0,C0096,P064,4,1809.68,452.42,Benjamin Mcclure,South America,2022-11-18,347,2
0.0,C0141,P064,1,452.42,452.42,Paul Parsons,Europe,2023-02-23,232,0
0.0,C0054,P064,3,1357.26,452.42,Bruce Rhodes,Asia,2024-09-29,28,2
0.0,C0013,P064,1,452.42,452.42,Lauren Buchanan,South America,2024-05-19,236,0
0.0,C0116,P064,1,452.42,452.42,James Martinez,North America,2024-09-11,143,1
0.0,C0200,P064,3,1357.26,452.42,Kelly Cross,Asia,2023-06-11,277,2
0.0,C0106,P064,3,1357.26,452.42,Amanda Mcguire,Asia,2022-09-22,306,2
0.0,C0024,P064,1,452.42,452.42,Michele Cooley,North America,2024-02-05,55,1
0.0,C0194,P090,1,165.3,165.3,Stacy Cook,North America,2024-05-04,239,0
0.0,C0157,P090,1,165.3,165.3,Miguel Wong,North America,2024-01-30,173,1
0.0,C0176,P090,4,661.2,165.3,Nicole Booth,North America,2022-03-23,190,0
0.0,C0024,P090,2,330.6,165.3,Michele Cooley,North America,2024-02-05,151,1
0.0,C0055,P090,2,330.6,165.3,Lauren Williams,North America,2024-11-11,93,1
0.0,C0126,P090,1,165.3,165.3,Caitlin Brown,South America,2024-02-20,8,1
0.0,C0113,P090,2,330.6,165.3,Joseph Ortiz Jr.,South America,2022-06-17,18,1
0.0,C0116,P090,1,165.3,165.3,James Martinez,North America,2024-09-11,304,0
0.0,C0147,P018,1,436.89,436.89,Hunter Fuller,South America,2022-05-16,73,1
0.0,C0064,P018,4,1747.56,436.89,Martha Montgomery,Europe,2023-10-22,37,2
0.0,C0019,P018,1,436.89,436.89,Brandon Rodriguez,Europe,2023-01-12,149,1
0.0,C0196,P018,3,1310.67,436.89,Laura Watts,Europe,2022-06-07,219,2
0.0,C0016,P018,4,1747.56,436.89,Emily Woods,North America,2024-01-03,213,2
0.0,C0052,P018,3,1310.67,436.89,Stanley Aguirre,South America,2024-02-20,243,2
0.0,C0187,P018,4,1747.56,436.89,Kayla Kelly,South America,2024-08-02,123,2
0.0,C0156,P083,1,455.72,455.72,William Adams,North America,2023-08-19,59,1
0.0,C0194,P083,3,1367.16,455.72,Stacy Cook,North America,2024-05-04,271,2
0.0,C0051,P083,4,1822.88,455.72,Nicholas Ellis,Europe,2023-12-21,118,2
0.0,C0023,P083,3,1367.16,455.72,Nicholas Cain,Europe,2022-03-04,271,2
0.0,C0141,P083,3,1367.16,455.72,Paul Parsons,Europe,2023-02-23,339,2
0.0,C0191,P083,1,455.72,455.72,Samantha Gibson DVM,South America,2024-04-07,114,1
0.0,C0001,P083,2,911.44,455.72,Lawrence Carroll,South America,2022-07-10,128,2
0.0,C0183,P083,3,1367.16,455.72,Kimberly Johnson,North America,2024-01-23,304,2
0.0,C0016,P083,1,455.72,455.72,Emily Woods,North America,2024-01-03,193,0
0.0,C0046,P083,2,911.44,455.72,Beth Cardenas,North America,2024-10-23,217,2
0.0,C0184,P083,2,911.44,455.72,Tina Jacobs,South America,2022-05-13,141,2
0.0,C0154,P083,2,911.44,455.72,Robert Sharp,North America,2024-10-27,1,1
0.0,C0066,P083,3,1367.16,455.72,Catherine White,Europe,2024-11-15,242,2
0.0,C0168,P043,4,1617.6,404.4,Karen Clements MD,South America,2022-12-13,297,2
0.0,C0131,P043,2,808.8,404.4,Scott Wilson,North America,2022-06-05,355,0
0.0,C0174,P043,2,808.8,404.4,Tracy Steele,South America,2022-11-03,183,2
0.0,C0054,P043,3,1213.2,404.4,Bruce Rhodes,Asia,2024-09-29,25,2
0.0,C0115,P043,4,1617.6,404.4,Joshua Hamilton,Asia,2024-11-11,358,2
0.0,C0155,P043,2,808.8,404.4,Michelle Brown,South America,2023-03-23,266,0
0.0,C0084,P043,1,404.4,404.4,Belinda Garner,Asia,2024-09-17,227,0
0.0,C0139,P043,2,808.8,404.4,Ricky Gutierrez,North America,2022-03-14,264,0
0.0,C0019,P043,1,404.4,404.4,Brandon Rodriguez,Europe,2023-01-12,183,0
0.0,C0160,P043,4,1617.6,404.4,Jodi Cook,North America,2022-04-05,47,2
0.0,C0114,P043,4,1617.6,404.4,Benjamin Anderson,Europe,2024-11-18,249,2
0.0,C0084,P035,2,61.18,30.59,Belinda Garner,Asia,2024-09-17,256,0
0.0,C0088,P035,3,91.77,30.59,Carlos Murray,Asia,2023-05-14,340,0
0.0,C0008,P035,4,122.36,30.59,David Li,North America,2024-01-13,352,0
0.0,C0164,P035,2,61.18,30.59,Morgan Perez,Europe,2023-06-01,56,1
0.0,C0144,P035,4,122.36,30.59,Andrea Hart,North America,2024-09-30,119,1
0.0,C0025,P035,1,30.59,30.59,Gregory Odom,South America,2022-07-04,32,1
0.0,C0061,P035,1,30.59,30.59,Brandon Escobar,Europe,2023-03-06,346,0
0.0,C0134,P035,4,122.36,30.59,Theresa Gonzalez,Asia,2022-02-19,345,0
0.0,C0003,P035,4,122.36,30.59,Michael Rivera,South America,2024-03-07,49,1
0.0,C0099,P035,1,30.59,30.59,Rodney Eaton,South America,2023-01-29,149,1
0.0,C0122,P033,2,128.5,64.25,Corey Ruiz,North America,2022-05-06,26,1
0.0,C0195,P033,2,128.5,64.25,Jeremy Mclaughlin,South America,2024-09-17,96,1
0.0,C0057,P033,3,192.75,64.25,Elizabeth Nguyen,Europe,2024-07-27,65,1
0.0,C0075,P033,3,192.75,64.25,Misty Higgins,Europe,2023-05-01,223,0
0.0,C0031,P033,4,257.0,64.25,Tina Miller,South America,2024-04-11,66,1
0.0,C0030,P033,3,192.75,64.25,Mark Brock,North America,2024-01-30,102,1
0.0,C0032,P033,3,192.75,64.25,Dustin Campbell,South America,2024-04-17,194,0
0.0,C0034,P033,2,128.5,64.25,Dalton Perez,North America,2023-09-27,266,0
0.0,C0143,P014,4,105.04,26.26,Brian Parker,Asia,2024-05-27,340,0
0.0,C0034,P014,3,78.78,26.26,Dalton Perez,North America,2023-09-27,171,1
0.0,C0094,P014,3,78.78,26.26,Emily Trevino,North America,2023-09-16,119,1
0.0,C0010,P014,4,105.04,26.26,Aaron Cox,Europe,2022-12-15,133,1
0.0,C0002,P004,4,382.76,95.69,Elizabeth Lutz,Asia,2022-02-13,164,1
0.0,C0164,P004,1,95.69,95.69,Morgan Perez,Europe,2023-06-01,53,1
0.0,C0030,P004,3,287.07,95.69,Mark Brock,North America,2024-01-30,194,0
0.0,C0173,P004,3,287.07,95.69,Francisco Young,Asia,2022-10-06,2,1
0.0,C0137,P004,1,95.69,95.69,Robert Gardner,South America,2024-04-09,359,0
0.0,C0008,P004,2,191.38,95.69,David Li,North America,2024-01-13,235,0
0.0,C0091,P004,4,382.76,95.69,Lisa Kirk,South America,2023-03-16,207,0
0.0,C0105,P029,4,1734.56,433.64,Ryan Hampton,Europe,2024-11-11,248,2
0.0,C0165,P029,3,1300.92,433.64,Juan Mcdaniel,South America,2022-04-09,46,2
0.0,C0146,P029,1,433.64,433.64,Brittany Harvey,Asia,2024-09-04,146,1
0.0,C0050,P029,3,1300.92,433.64,Ryan Davis,North America,2024-03-02,116,2
0.0,C0069,P029,2,867.28,433.64,Stacy Foster,Europe,2023-12-03,344,0
0.0,C0001,P029,3,1300.92,433.64,Lawrence Carroll,South America,2022-07-10,308,2
0.0,C0027,P029,2,867.28,433.64,Justin Heath,Asia,2022-11-09,99,1
0.0,C0082,P029,2,867.28,433.64,Aimee Taylor,South America,2022-05-13,207,2
0.0,C0087,P029,4,1734.56,433.64,Travis Campbell,South America,2024-04-11,105,2
0.0,C0100,P029,4,1734.56,433.64,Clinton Gomez,Europe,2023-03-16,249,2
0.0,C0120,P029,2,867.28,433.64,Francisco Diaz,South America,2023-01-13,92,1
0.0,C0102,P029,3,1300.92,433.64,Michael Atkinson,South America,2022-09-16,246,2
0.0,C0163,P029,4,1734.56,433.64,Tiffany Cain,South America,2023-06-08,200,2
0.0,C0065,P029,4,1734.56,433.64,Gerald Hines,North America,2024-07-10,113,2
0.0,C0190,P029,1,433.64,433.64,Alexander Lowe,South America,2024-05-31,351,0
0.0,C0109,P029,1,433.64,433.64,Abigail Jones,North America,2022-05-09,265,0
0.0,C0116,P029,2,867.28,433.64,James Martinez,North America,2024-09-11,169,2
0.0,C0075,P097,3,958.02,319.34,Misty Higgins,Europe,2023-05-01,121,2
0.0,C0182,P097,4,1277.36,319.34,Joshua Preston,Europe,2024-12-28,131,2
0.0,C0122,P097,3,958.02,319.34,Corey Ruiz,North America,2022-05-06,130,2
0.0,C0077,P097,1,319.34,319.34,Scott Sims,South America,2023-10-18,271,0
0.0,C0070,P097,4,1277.36,319.34,Timothy Perez,Europe,2022-03-15,136,2
0.0,C0063,P097,4,1277.36,319.34,Wayne Ferguson,Europe,2024-02-05,85,2
0.0,C0168,P097,1,319.34,319.34,Karen Clements MD,South America,2022-12-13,92,1
0.0,C0004,P097,3,958.02,319.34,Kathleen Rodriguez,South America,2022-10-09,178,2
0.0,C0057,P097,2,638.68,319.34,Elizabeth Nguyen,Europe,2024-07-27,19,1
0.0,C0028,P080,4,1214.0,303.5,Jennifer Pena,Asia,2024-06-29,217,2
0.0,C0166,P080,1,303.5,303.5,John Rogers,Europe,2022-02-13,296,0
0.0,C0028,P080,1,303.5,303.5,Jennifer Pena,Asia,2024-06-29,263,0
0.0,C0187,P080,1,303.5,303.5,Kayla Kelly,South America,2024-08-02,286,0
0.0,C0066,P080,2,607.0,303.5,Catherine White,Europe,2024-11-15,73,1
0.0,C0039,P080,4,1214.0,303.5,Angela Harris,South America,2024-10-13,45,2
0.0,C0145,P080,2,607.0,303.5,Wayne Stone,Asia,2023-01-13,108,1
0.0,C0153,P080,2,607.0,303.5,Justin Smith,South America,2022-03-20,255,0
0.0,C0016,P080,3,910.5,303.5,Emily Woods,North America,2024-01-03,316,0
0.0,C0145,P080,4,1214.0,303.5,Wayne Stone,Asia,2023-01-13,204,2
0.0,C0117,P099,4,1417.16,354.29,Jeffrey Mcmahon,North America,2024-11-22,219,2
0.0,C0125,P099,2,708.58,354.29,Nicholas Taylor,North America,2022-12-18,59,1
0.0,C0074,P099,4,1417.16,354.29,Jonathan Russo,Europe,2022-05-27,4,2
0.0,C0070,P099,1,354.29,354.29,Timothy Perez,Europe,2022-03-15,39,1
0.0,C0002,P019,2,770.74,385.37,Elizabeth Lutz,Asia,2022-02-13,59,1
0.0,C0079,P019,4,1541.48,385.37,Brian Murillo,North America,2022-02-02,88,2
0.0,C0156,P019,3,1156.11,385.37,William Adams,North America,2023-08-19,250,2
0.0,C0170,P019,4,1541.48,385.37,Logan Harris,Europe,2023-09-13,12,2
0.0,C0117,P019,4,1541.48,385.37,Jeffrey Mcmahon,North America,2024-11-22,124,2
0.0,C0082,P019,4,1541.48,385.37,Aimee Taylor,South America,2022-05-13,279,2
0.0,C0178,P019,3,1156.11,385.37,Carol Williams,Asia,2023-11-19,296,2
0.0,C0059,P019,4,1541.48,385.37,Mrs. Kimberly Wright,North America,2024-04-07,73,2
0.0,C0138,P019,4,1541.48,385.37,Cynthia Clayton,Asia,2024-11-01,194,2
0.0,C0076,P019,1,385.37,385.37,Emily Roberts,South America,2024-02-11,116,1
0.0,C0109,P019,2,770.74,385.37,Abigail Jones,North America,2022-05-09,220,0
0.0,C0040,P020,4,1585.36,396.34,Michael Harrell,Asia,2022-03-07,0,2
0.0,C0196,P020,4,1585.36,396.34,Laura Watts,Europe,2022-06-07,338,2
0.0,C0006,P020,4,1585.36,396.34,Brittany Palmer,South America,2024-01-07,25,2
0.0,C0030,P020,1,396.34,396.34,Mark Brock,North America,2024-01-30,28,1
0.0,C0013,P020,4,1585.36,396.34,Lauren Buchanan,South America,2024-05-19,128,2
0.0,C0114,P020,3,1189.02,396.34,Benjamin Anderson,Europe,2024-11-18,165,2
0.0,C0102,P020,2,792.68,396.34,Michael Atkinson,South America,2022-09-16,222,0
0.0,C0182,P020,4,1585.36,396.34,Joshua Preston,Europe,2024-12-28,30,2
0.0,C0067,P020,3,1189.02,396.34,Carl Gonzalez,North America,2023-07-06,167,2
0.0,C0058,P020,1,396.34,396.34,Zachary Turner,North America,2024-01-28,32,1
0.0,C0040,P020,4,1585.36,396.34,Michael Harrell,Asia,2022-03-07,201,2
0.0,C0046,P020,4,1585.36,396.34,Beth Cardenas,North America,2024-10-23,121,2
0.0,C0169,P044,2,37.64,18.82,Jennifer Shaw,South America,2023-04-13,314,0
0.0,C0165,P044,4,75.28,18.82,Juan Mcdaniel,South America,2022-04-09,210,0
0.0,C0165,P044,4,75.28,18.82,Juan Mcdaniel,South America,2022-04-09,164,1
0.0,C0165,P044,3,56.46,18.82,Juan Mcdaniel,South America,2022-04-09,269,0
0.0,C0163,P002,4,1385.2,346.3,Tiffany Cain,South America,2023-06-08,286,2
0.0,C0067,P002,4,1385.2,346.3,Carl Gonzalez,North America,2023-07-06,125,2
0.0,C0068,P002,3,1038.9,346.3,Mark Cox,North America,2023-04-04,93,2
0.0,C0031,P002,2,692.6,346.3,Tina Miller,South America,2024-04-11,330,0
0.0,C0003,P002,4,1385.2,346.3,Michael Rivera,South America,2024-03-07,238,2
0.0,C0181,P002,3,1038.9,346.3,Alexander Barker,South America,2023-11-16,183,2
0.0,C0186,P002,2,692.6,346.3,Amber Alexander,Asia,2023-10-11,265,0
0.0,C0102,P002,3,1038.9,346.3,Michael Atkinson,South America,2022-09-16,45,1
0.0,C0049,P056,4,64.32,16.08,Jason Yates,North America,2024-09-18,78,1
0.0,C0013,P056,3,48.24,16.08,Lauren Buchanan,South America,2024-05-19,89,1
0.0,C0174,P056,2,32.16,16.08,Tracy Steele,South America,2022-11-03,315,0
0.0,C0112,P056,1,16.08,16.08,Brian Adkins,South America,2022-07-07,155,1
0.0,C0095,P056,2,32.16,16.08,William Walker,South America,2023-03-04,7,1
0.0,C0099,P056,4,64.32,16.08,Rodney Eaton,South America,2023-01-29,316,0
0.0,C0169,P056,4,64.32,16.08,Jennifer Shaw,South America,2023-04-13,47,1
0.0,C0189,P056,1,16.08,16.08,Sherri Dixon,North America,2024-01-22,32,1
0.0,C0038,P082,3,167.97,55.99,Jeffrey Perkins,North America,2022-04-16,60,1
0.0,C0065,P082,3,167.97,55.99,Gerald Hines,North America,2024-07-10,78,1
0.0,C0162,P082,1,55.99,55.99,Edwin Watson,Asia,2022-03-29,47,1
0.0,C0151,P082,4,223.96,55.99,Amber Gonzalez,South America,2024-11-22,359,0
0.0,C0179,P082,2,111.98,55.99,Donald Miller,Europe,2022-10-16,39,1
0.0,C0069,P082,1,55.99,55.99,Stacy Foster,Europe,2023-12-03,75,1
0.0,C0047,P082,2,111.98,55.99,Samantha Frank,North America,2024-03-22,54,1
0.0,C0093,P082,3,167.97,55.99,Nancy Walker,Asia,2024-07-13,256,0
0.0,C0107,P012,1,159.6,159.6,Dana Cantrell,South America,2023-02-07,53,1
0.0,C0119,P012,1,159.6,159.6,David Armstrong,Europe,2023-11-13,332,0
0.0,C0023,P012,4,638.4,159.6,Nicholas Cain,Europe,2022-03-04,279,0
0.0,C0057,P012,1,159.6,159.6,Elizabeth Nguyen,Europe,2024-07-27,98,1
0.0,C0005,P012,2,319.2,159.6,Laura Weber,Asia,2022-08-15,309,0
0.0,C0194,P012,1,159.6,159.6,Stacy Cook,North America,2024-05-04,231,0
0.0,C0093,P012,2,319.2,159.6,Nancy Walker,Asia,2024-07-13,1,1
0.0,C0149,P012,3,478.8,159.6,Tina Wilson,Europe,2023-01-21,212,0
0.0,C0164,P075,1,497.76,497.76,Morgan Perez,Europe,2023-06-01,295,0
0.0,C0108,P075,3,1493.28,497.76,David Davis,South America,2022-09-28,151,2
0.0,C0161,P075,2,995.52,497.76,Jessica Warren,Asia,2022-03-14,87,1
0.0,C0137,P075,3,1493.28,497.76,Robert Gardner,South America,2024-04-09,142,2
0.0,C0188,P075,3,1493.28,497.76,Anna Ball,South America,2022-05-17,240,2
0.0,C0038,P075,3,1493.28,497.76,Jeffrey Perkins,North America,2022-04-16,37,2
0.0,C0078,P075,2,995.52,497.76,Julia Palmer,Asia,2024-11-13,344,0
0.0,C0065,P075,3,1493.28,497.76,Gerald Hines,North America,2024-07-10,345,2
0.0,C0044,P075,2,995.52,497.76,Kenneth Alexander,Europe,2024-07-10,296,0
0.0,C0082,P075,4,1991.04,497.76,Aimee Taylor,South America,2022-05-13,251,2
0.0,C0099,P005,3,1287.93,429.31,Rodney Eaton,South America,2023-01-29,166,2
0.0,C0030,P005,3,1287.93,429.31,Mark Brock,North America,2024-01-30,237,2
0.0,C0143,P005,4,1717.24,429.31,Brian Parker,Asia,2024-05-27,256,2
0.0,C0061,P005,2,858.62,429.31,Brandon Escobar,Europe,2023-03-06,54,1
0.0,C0194,P005,3,1287.93,429.31,Stacy Cook,North America,2024-05-04,130,2
0.0,C0045,P005,3,1287.93,429.31,Michael Williams,Asia,2022-02-25,60,2
0.0,C0107,P005,3,1287.93,429.31,Dana Cantrell,South America,2023-02-07,230,2
0.0,C0074,P005,3,1287.93,429.31,Jonathan Russo,Europe,2022-05-27,21,2
0.0,C0108,P028,4,942.32,235.58,David Davis,South America,2022-09-28,67,1
0.0,C0038,P028,3,706.74,235.58,Jeffrey Perkins,North America,2022-04-16,181,0
0.0,C0127,P028,4,942.32,235.58,Kathryn Stevens,Europe,2024-04-04,18,1
0.0,C0145,P028,4,942.32,235.58,Wayne Stone,Asia,2023-01-13,35,1
0.0,C0147,P028,3,706.74,235.58,Hunter Fuller,South America,2022-05-16,149,1
0.0,C0052,P028,1,235.58,235.58,Stanley Aguirre,South America,2024-02-20,111,1
0.0,C0110,P028,4,942.32,235.58,Elizabeth Wells,Asia,2024-09-21,3,1
0.0,C0177,P028,2,471.16,235.58,Julia Kelly,Asia,2024-06-01,219,0
0.0,C0195,P028,4,942.32,235.58,Jeremy Mclaughlin,South America,2024-09-17,65,1
0.0,C0028,P028,3,706.74,235.58,Jennifer Pena,Asia,2024-06-29,46,1
0.0,C0059,P028,3,706.74,235.58,Mrs. Kimberly Wright,North America,2024-04-07,44,1
0.0,C0163,P028,3,706.74,235.58,Tiffany Cain,South America,2023-06-08,209,0
0.0,C0104,P094,2,894.68,447.34,Laura Bennett,South America,2022-02-10,194,2
0.0,C0143,P094,3,1342.02,447.34,Brian Parker,Asia,2024-05-27,199,2
0.0,C0057,P094,3,1342.02,447.34,Elizabeth Nguyen,Europe,2024-07-27,353,2
0.0,C0170,P094,3,1342.02,447.34,Logan Harris,Europe,2023-09-13,149,2
0.0,C0187,P094,2,894.68,447.34,Kayla Kelly,South America,2024-08-02,44,1
0.0,C0008,P094,2,894.68,447.34,David Li,North America,2024-01-13,23,1
0.0,C0059,P094,1,447.34,447.34,Mrs. Kimberly Wright,North America,2024-04-07,38,1
0.0,C0148,P094,4,1789.36,447.34,Matthew Rogers,South America,2023-04-16,277,2
0.0,C0103,P094,2,894.68,447.34,Jennifer Munoz,Europe,2022-05-15,233,0
0.0,C0154,P094,2,894.68,447.34,Robert Sharp,North America,2024-10-27,64,1
0.0,C0143,P094,3,1342.02,447.34,Brian Parker,Asia,2024-05-27,354,2
0.0,C0152,P079,4,1669.48,417.37,Justin Evans,South America,2022-04-19,100,2
0.0,C0196,P079,1,417.37,417.37,Laura Watts,Europe,2022-06-07,242,0
0.0,C0123,P079,3,1252.11,417.37,Jason Johnston,Asia,2023-11-05,237,2
0.0,C0138,P079,4,1669.48,417.37,Cynthia Clayton,Asia,2024-11-01,353,2
0.0,C0113,P079,4,1669.48,417.37,Joseph Ortiz Jr.,South America,2022-06-17,37,2
0.0,C0196,P079,4,1669.48,417.37,Laura Watts,Europe,2022-06-07,350,2
0.0,C0048,P079,3,1252.11,417.37,Matthew Park,South America,2024-11-07,14,2
0.0,C0199,P079,2,834.74,417.37,Andrea Jenkins,Europe,2022-12-03,230,0
0.0,C0065,P079,1,417.37,417.37,Gerald Hines,North America,2024-07-10,257,0
0.0,C0135,P079,2,834.74,417.37,Toni Weaver,Europe,2022-08-23,22,1
0.0,C0090,P079,2,834.74,417.37,Charles Hamilton,Asia,2023-10-17,174,2
0.0,C0104,P079,4,1669.48,417.37,Laura Bennett,South America,2022-02-10,201,2
0.0,C0138,P079,1,417.37,417.37,Cynthia Clayton,Asia,2024-11-01,33,1
0.0,C0095,P079,3,1252.11,417.37,William Walker,South America,2023-03-04,274,2
0.0,C0089,P079,4,1669.48,417.37,Paul Carter,Europe,2024-04-02,43,2
0.0,C0047,P079,1,417.37,417.37,Samantha Frank,North America,2024-03-22,218,0
0.0,C0056,P024,2,677.32,338.66,Erika Fernandez,Asia,2024-04-12,49,1
0.0,C0075,P024,3,1015.98,338.66,Misty Higgins,Europe,2023-05-01,346,0
0.0,C0053,P024,4,1354.64,338.66,Albert Burke,Europe,2022-06-18,241,2
0.0,C0108,P024,2,677.32,338.66,David Davis,South America,2022-09-28,277,0
0.0,C0004,P024,1,338.66,338.66,Kathleen Rodriguez,South America,2022-10-09,299,0
0.0,C0019,P008,1,146.85,146.85,Brandon Rodriguez,Europe,2023-01-12,236,0
0.0,C0072,P008,2,293.7,146.85,Sarah Scott,North America,2024-07-24,77,1
0.0,C0084,P008,2,293.7,146.85,Belinda Garner,Asia,2024-09-17,351,0
0.0,C0057,P008,3,440.55,146.85,Elizabeth Nguyen,Europe,2024-07-27,268,0
0.0,C0175,P008,2,293.7,146.85,Matthew Johnson,Asia,2022-04-16,209,0
0.0,C0022,P008,2,293.7,146.85,Teresa Esparza,Asia,2023-10-27,247,0
0.0,C0182,P008,1,146.85,146.85,Joshua Preston,Europe,2024-12-28,128,1
0.0,C0154,P008,2,293.7,146.85,Robert Sharp,North America,2024-10-27,263,0
0.0,C0199,P008,2,293.7,146.85,Andrea Jenkins,Europe,2022-12-03,300,0
0.0,C0004,P008,2,293.7,146.85,Kathleen Rodriguez,South America,2022-10-09,59,1
0.0,C0031,P091,2,445.9,222.95,Tina Miller,South America,2024-04-11,224,0
0.0,C0051,P091,1,222.95,222.95,Nicholas Ellis,Europe,2023-12-21,223,0
0.0,C0059,P091,4,891.8,222.95,Mrs. Kimberly Wright,North America,2024-04-07,83,1
0.0,C0073,P091,4,891.8,222.95,Heidi Johnson,Europe,2022-08-20,36,1
0.0,C0036,P091,3,668.85,222.95,Brian Aguilar DDS,North America,2024-07-06,23,1
0.0,C0054,P091,3,668.85,222.95,Bruce Rhodes,Asia,2024-09-29,282,0
0.0,C0015,P091,3,668.85,222.95,Tina Duran,North America,2023-11-20,265,0
0.0,C0109,P071,3,382.08,127.36,Abigail Jones,North America,2022-05-09,191,0
0.0,C0133,P071,4,509.44,127.36,Gwendolyn Carter,South America,2023-03-11,34,1
0.0,C0134,P071,1,127.36,127.36,Theresa Gonzalez,Asia,2022-02-19,119,1
0.0,C0161,P071,3,382.08,127.36,Jessica Warren,Asia,2022-03-14,187,0
0.0,C0002,P071,2,254.72,127.36,Elizabeth Lutz,Asia,2022-02-13,338,0
0.0,C0049,P071,2,254.72,127.36,Jason Yates,North America,2024-09-18,14,1
0.0,C0176,P071,4,509.44,127.36,Nicole Booth,North America,2022-03-23,33,1
0.0,C0147,P071,1,127.36,127.36,Hunter Fuller,South America,2022-05-16,90,1
0.0,C0158,P098,1,299.93,299.93,Wendy Browning,South America,2023-04-12,4,1
0.0,C0051,P098,1,299.93,299.93,Nicholas Ellis,Europe,2023-12-21,205,0
0.0,C0126,P098,2,599.86,299.93,Caitlin Brown,South America,2024-02-20,313,0
0.0,C0127,P098,3,899.79,299.93,Kathryn Stevens,Europe,2024-04-04,264,0
0.0,C0054,P098,4,1199.72,299.93,Bruce Rhodes,Asia,2024-09-29,189,2
0.0,C0115,P098,2,599.86,299.93,Joshua Hamilton,Asia,2024-11-11,31,1
0.0,C0041,P098,3,899.79,299.93,Lindsey Deleon,Europe,2023-12-27,351,0
0.0,C0155,P026,4,257.52,64.38,Michelle Brown,South America,2023-03-23,316,0
0.0,C0162,P026,4,257.52,64.38,Edwin Watson,Asia,2022-03-29,29,1
0.0,C0091,P026,2,128.76,64.38,Lisa Kirk,South America,2023-03-16,150,1
0.0,C0008,P026,2,128.76,64.38,David Li,North America,2024-01-13,71,1
0.0,C0121,P026,1,64.38,64.38,Mark Atkinson,Europe,2023-07-23,188,0
0.0,C0143,P026,3,193.14,64.38,Brian Parker,Asia,2024-05-27,91,1
0.0,C0091,P026,3,193.14,64.38,Lisa Kirk,South America,2023-03-16,114,1
0.0,C0044,P045,4,1927.12,481.78,Kenneth Alexander,Europe,2024-07-10,152,2
0.0,C0181,P045,1,481.78,481.78,Alexander Barker,South America,2023-11-16,103,1
0.0,C0149,P045,2,963.56,481.78,Tina Wilson,Europe,2023-01-21,145,2
0.0,C0099,P045,2,963.56,481.78,Rodney Eaton,South America,2023-01-29,110,2
0.0,C0124,P045,2,963.56,481.78,Lindsay Perez,Europe,2024-08-26,184,2
0.0,C0054,P045,3,1445.34,481.78,Bruce Rhodes,Asia,2024-09-29,114,2
0.0,C0132,P045,2,963.56,481.78,Lisa Jackson,Europe,2023-02-01,274,0
0.0,C0022,P045,2,963.56,481.78,Teresa Esparza,Asia,2023-10-27,224,2
0.0,C0098,P046,1,366.07,366.07,Laura Gilbert,North America,2024-10-21,10,1
0.0,C0135,P046,4,1464.28,366.07,Toni Weaver,Europe,2022-08-23,5,2
0.0,C0188,P046,2,732.14,366.07,Anna Ball,South America,2022-05-17,137,1
0.0,C0145,P046,3,1098.21,366.07,Wayne Stone,Asia,2023-01-13,169,2
0.0,C0108,P046,3,1098.21,366.07,David Davis,South America,2022-09-28,137,2
0.0,C0011,P046,4,1464.28,366.07,Bryan Mathews,South America,2022-12-12,37,2
0.0,C0173,P046,4,1464.28,366.07,Francisco Young,Asia,2022-10-06,246,2
0.0,C0133,P046,1,366.07,366.07,Gwendolyn Carter,South America,2023-03-11,1,1
0.0,C0004,P077,4,1062.04,265.51,Kathleen Rodriguez,South America,2022-10-09,358,0
0.0,C0184,P077,2,531.02,265.51,Tina Jacobs,South America,2022-05-13,3,1
0.0,C0093,P077,2,531.02,265.51,Nancy Walker,Asia,2024-07-13,260,0
0.0,C0105,P077,4,1062.04,265.51,Ryan Hampton,Europe,2024-11-11,217,2
0.0,C0175,P077,4,1062.04,265.51,Matthew Johnson,Asia,2022-04-16,200,2
0.0,C0090,P077,1,265.51,265.51,Charles Hamilton,Asia,2023-10-17,117,1
0.0,C0067,P037,2,919.72,459.86,Carl Gonzalez,North America,2023-07-06,105,1
0.0,C0054,P037,2,919.72,459.86,Bruce Rhodes,Asia,2024-09-29,228,2
0.0,C0118,P037,1,459.86,459.86,Jacob Holt,South America,2022-01-22,298,0
0.0,C0059,P037,3,1379.58,459.86,Mrs. Kimberly Wright,North America,2024-04-07,156,2
0.0,C0018,P037,4,1839.44,459.86,Tyler Haynes,North America,2024-09-21,96,2
0.0,C0115,P037,2,919.72,459.86,Joshua Hamilton,Asia,2024-11-11,273,0
0.0,C0024,P037,1,459.86,459.86,Michele Cooley,North America,2024-02-05,112,1
